STU_ID,F2PS1AID,F3TZSTEM1TOT,F3TZSTEM2GPA,CREDGRAD
101105,0,8,2.5,0
101115,1,33,2.25,0
101116,1,13,3.25,0
101127,1,8,3.25,0
101129,1,4,3.25,0
101131,1,42,3.25,0
101201,0,0,NA,0
101211,1,20,2.25,0
102106,0,5,3.75,0
102109,NA,0,4,0
102111,0,0,1.75,0
102121,1,24,2.75,0
102164,NA,0,2.5,0
102203,NA,4,2.75,0
102208,1,4,3.25,0
102213,1,17,3.25,0
102216,1,12,3,0
102223,1,5,3,0
103116,1,8,2.5,0
103127,1,30,2.5,0
103210,1,2,3.25,0
103223,NA,10,2.75,0
103314,0,4,3.25,0
103317,1,44,3.75,0
103322,0,7,2.5,0
103323,1,13,3,0
104104,1,6,3,0
104107,1,9,2.75,0
104108,1,5,2.75,0
104112,1,18,3.5,0
104115,1,6,2.25,0
104202,1,56,3,0
104204,1,4,3.75,0
104209,1,8,3.25,0
104214,0,15,3.75,0
104216,0,34,2.75,0
104222,0,9,3.25,0
104231,1,16,3,0
105128,1,5,4,0
105205,0,9,2.25,0
105211,1,27,4,0
105227,1,44,2.5,0
106111,1,16,3.25,0
106202,1,36,3.25,0
106204,1,35,2.75,0
106213,1,11,3.5,0
107115,1,7,3,0
107124,0,17,3.25,0
107125,1,32,3,0
107127,1,20,2.5,0
107128,1,9,3.75,0
107129,1,27,2.75,0
107222,1,14,4,0
107229,1,23,2.75,0
108105,1,14,3.5,0
108107,1,2,3.25,0
108109,1,35,4,0
108111,0,30,2.75,0
108122,1,6,3.5,0
108129,0,16,3.75,0
108208,1,4,3.5,0
108217,0,10,2.25,0
108221,1,32,3.25,0
108226,1,21,2.25,0
109104,1,38,2.25,0
109108,1,25,2.75,0
109109,1,35,3.5,0
109118,0,28,2.25,0
109121,0,25,1.75,0
109202,0,5,3.25,0
109204,1,35,3.75,0
109208,1,1,3.25,0
109212,0,19,3.75,0
109213,1,5,3.5,0
109217,NA,3,4,0
109218,1,35,3,0
109221,1,6,3,0
109230,0,8,3,0
110104,1,18,2.75,0
110105,1,11,3,0
110109,1,1,3.5,0
110116,1,2,3.75,0
110123,1,8,3,0
110201,0,26,3.5,0
110202,0,28,3.25,0
110204,1,3,3.5,0
110205,0,27,3.5,0
110220,1,4,3.5,0
110224,1,29,3,0
110226,NA,2,3.5,0
110227,1,4,3.25,0
111107,1,17,3,0
111114,1,4,2.75,0
111115,1,12,2.5,0
111117,1,42,3.25,0
111120,0,32,4,0
111161,1,12,3.25,0
111162,0,11,3.5,0
111211,1,28,3,0
111213,1,4,3.5,0
112104,1,5,3.75,0
112105,1,8,3.5,0
112107,1,3,3.5,0
112122,0,2,2,0
112201,1,4,3.5,0
112209,0,3,2,0
112211,1,3,2.75,0
112219,1,31,3.75,0
112233,0,3,3.5,0
112234,1,5,3,0
113101,0,2,3,0
113103,NA,5,3.75,0
113113,0,7,3.25,0
113120,1,8,3.25,0
113130,NA,17,3.25,0
113203,1,10,3,0
113205,NA,4,3.5,0
113221,1,12,3.75,0
114101,1,21,2.5,0
114103,1,4,3.75,0
114104,NA,4,3.75,0
114106,0,39,3,0
114108,0,5,3,0
114113,1,25,3.25,0
114115,0,2,3.75,0
114116,0,32,2.5,0
114121,0,0,3.5,0
114122,1,2,3,0
114128,1,21,2.5,0
114129,0,26,3.5,0
114205,1,23,3.25,0
114209,NA,4,2.5,0
115110,1,19,3.5,0
115204,1,18,4,0
115205,0,2,3.5,0
115208,0,46,2.5,0
115211,1,6,3.5,0
115214,1,30,3.25,0
116213,1,12,3.5,0
116216,1,3,2.75,0
116218,1,1,3.75,0
117114,0,20,2.75,0
117123,0,10,2.5,0
117125,1,35,3,0
117210,0,2,3,0
117212,0,33,3.25,0
117219,0,31,4,0
117222,1,3,3.75,0
118112,1,1,3.75,0
118128,1,44,2.5,0
118202,NA,0,3,0
118221,1,4,2.75,0
119106,1,23,2.75,0
119107,1,21,2.75,0
119113,0,2,1.75,0
119116,1,24,3.5,0
119125,1,40,3.25,0
119129,1,18,2.75,0
119225,1,4,3,0
120105,0,34,2.75,0
120108,1,32,3,0
120121,0,42,2.75,0
120123,1,6,2.75,0
120124,0,12,2.5,0
120202,1,25,2.75,0
120204,0,6,3.25,0
120205,1,52,3.25,0
120211,1,9,3.75,0
120213,0,5,2.5,0
120227,1,7,3,0
120229,1,36,3.5,0
120262,0,37,2.75,0
121132,1,14,2.75,0
121212,1,18,2.25,0
121215,1,11,2.25,0
121221,1,2,3.25,0
122110,NA,4,3.25,0
122111,1,11,2.75,0
122113,1,27,2.5,0
122116,0,36,3,0
122119,0,19,2.75,0
122125,NA,7,3.25,0
122126,0,12,3.25,0
122204,1,36,3.25,0
122205,0,19,2.25,0
122211,1,46,2.25,0
122213,1,23,2.75,0
122220,1,25,3,0
122227,1,14,3.5,0
123108,0,19,3,0
123110,0,5,3.25,0
123113,1,0,3,0
123115,0,32,2.25,0
123117,1,23,2.5,0
123216,NA,0,4,0
123218,NA,46,2.25,0
123220,1,1,3.25,0
123224,1,11,3.25,0
123227,1,34,3.5,0
123228,1,13,3.25,0
123232,1,9,3.25,0
123235,1,29,3.25,0
123262,NA,26,3,0
124114,0,11,3,0
124118,NA,9,3.25,0
124128,0,6,2.75,0
124201,1,2,3.75,0
124206,1,3,4,0
124209,1,7,3.25,0
124210,0,21,3.5,0
124213,0,6,3,0
124218,1,3,2.5,0
125105,1,20,3.5,0
125119,1,36,3.25,0
125120,0,39,2.25,0
126103,1,26,3.5,0
126106,1,27,3.5,0
126108,0,9,2.5,0
126117,0,12,3.25,0
126120,1,18,3.25,0
126123,NA,16,3,0
126205,1,3,3.25,0
126213,NA,17,3.5,0
126220,1,2,3.75,0
126228,0,7,3.25,0
127105,1,6,3.5,0
127112,1,20,2.75,0
127119,0,5,2.25,0
127125,NA,27,3.5,0
127209,0,4,3,0
127210,1,2,3.5,0
127215,0,8,2,0
127229,1,26,3.5,0
128102,NA,12,3.5,0
128103,1,18,3.25,0
128116,NA,16,3,0
128213,1,2,4,0
129104,1,7,2.5,0
129113,1,31,3.25,0
129116,0,38,2.5,0
129125,1,25,3.5,0
129227,1,15,2.25,0
130106,1,13,2.25,0
130111,1,5,2.5,0
130124,1,4,3.25,0
130203,1,31,1.5,0
130205,NA,0,4,0
130225,1,0,3.25,0
131119,NA,0,3.75,0
131210,NA,NA,NA,0
131231,1,15,3,0
132110,1,0,2,0
132130,1,17,1.75,0
132203,1,36,3,0
132209,1,9,3.75,0
132211,1,6,2.75,0
132212,1,13,3.25,0
132233,1,11,2.75,0
133105,0,9,1.75,0
133106,1,13,3.5,0
133118,0,33,2.5,0
133201,0,11,3,0
133221,1,4,2.25,0
134105,1,8,2.75,0
134114,1,56,2.5,0
134203,NA,6,4,0
134207,1,7,3.75,0
134208,1,39,2.5,0
134216,NA,3,2.5,0
134218,1,21,3.5,0
134221,1,15,3,0
134227,1,25,4,0
135104,NA,6,2.5,0
135105,1,32,3,0
135109,0,7,2.75,0
135119,NA,25,2.25,0
135120,0,12,0.75,0
135121,0,2,2,0
135126,NA,6,2.25,0
135212,NA,9,3.5,0
135218,1,12,2.75,0
136102,1,4,3.25,0
136110,0,1,3.25,0
136115,1,22,3.75,0
136122,1,2,0.75,0
136124,1,15,3.25,0
136203,1,2,1.25,0
136211,1,10,3.25,0
136216,1,13,3.5,0
136218,1,7,1.25,0
136222,NA,1,3.5,0
136223,NA,6,2,0
137102,1,36,2.5,0
137221,NA,2,4,0
137229,NA,3,4,0
137235,1,4,2.75,0
138103,NA,4,2.75,0
138119,0,24,2.75,0
138127,NA,10,2,0
138202,0,44,1.75,0
138205,1,5,3,0
138216,0,13,3.5,0
138222,NA,2,3.75,0
138226,1,1,3,0
139103,1,3,3.5,0
139104,1,12,3.25,0
139121,1,4,3.5,0
139127,0,9,3,0
139214,NA,0,2.75,0
139218,1,3,3.75,0
140107,0,12,3.25,0
140110,1,8,3.5,0
140116,NA,8,3.5,0
140118,0,21,2.75,0
140124,0,9,2,0
140126,1,4,3.25,0
140202,1,3,3.25,0
140205,0,39,3,0
140206,1,29,2.25,0
140211,1,52,3.75,0
140218,1,3,3.5,0
140221,1,1,3.75,0
141114,0,17,2.25,0
141115,0,10,3.75,0
141205,NA,4,2.5,0
141215,0,7,2.75,0
141217,1,1,4,0
141218,0,18,3,0
141221,1,3,3.5,0
142112,NA,11,2.25,0
142114,0,34,2,0
142208,1,4,3.5,0
142215,1,11,2.75,0
142220,1,1,3,0
142223,0,8,3.25,0
142225,1,8,3.75,0
142231,1,2,3.5,0
143101,1,4,3.5,0
143104,0,38,2.25,0
143106,0,30,2.5,0
143107,0,16,3.25,0
143111,1,40,3.75,0
143114,1,23,3.25,0
143128,1,5,2.75,0
144101,1,4,2.75,0
144102,1,42,2.5,0
144103,0,4,1.5,0
144108,0,3,2.75,0
144115,0,13,3,0
144116,NA,2,0.75,0
144118,0,4,2.75,0
144125,NA,0,3.75,0
144127,0,23,2.75,0
144202,NA,10,3.75,0
144203,1,6,2.75,0
144204,NA,4,2.75,0
144206,1,4,3.5,0
144210,1,1,2.75,0
144213,1,6,3,0
144214,NA,0,3.25,0
144224,1,10,3.25,0
144225,1,9,2.75,0
144231,0,23,3.5,0
144232,0,4,2.5,0
144233,1,0,NA,0
145105,0,23,3.5,0
145106,0,4,2.75,0
145108,1,36,2.25,0
145110,1,14,3.25,0
145112,0,27,2.25,0
145116,0,21,3.25,0
145119,1,6,2,0
145121,NA,4,3,0
145124,NA,0,4,0
146102,1,8,3.25,0
146106,0,44,2.75,0
146113,1,9,3.5,0
146209,1,5,2.75,0
146210,1,14,2.5,0
146218,1,38,2,0
147101,NA,0,4,0
147204,1,25,3.25,0
147205,1,25,3.75,0
147212,1,9,2.5,0
147213,0,27,2.75,0
147217,0,25,2.5,0
148108,NA,22,2.5,0
148111,1,17,3.25,0
148206,NA,38,3.75,0
148210,1,14,3,0
148217,1,33,3.5,0
148223,1,8,2.5,0
149103,1,39,2,0
149221,1,14,3.5,0
149228,1,12,3.25,0
149231,NA,0,2.25,0
150101,1,5,2.75,0
150102,1,17,3.25,0
150107,1,7,3.75,0
150108,1,2,3.25,0
150110,NA,19,2.75,0
150118,1,5,3.75,0
150122,NA,1,4,0
150215,NA,16,3.75,0
150224,1,3,3.75,0
150226,1,10,3,0
151103,1,9,3.75,0
151104,0,7,3.25,0
151113,0,4,3.5,0
151118,1,30,4,0
151121,0,18,3.75,0
151201,1,9,3.25,0
151208,1,4,3.25,0
151211,NA,9,2.5,0
151218,1,12,3.5,0
151222,NA,8,2.5,0
152101,1,26,3.5,0
152104,1,5,3.75,0
152108,1,42,2.75,0
152113,1,2,3.5,0
152124,1,5,3.75,0
152129,0,23,3,0
152161,0,18,2.75,0
152208,1,30,3.75,0
152210,1,42,2.5,0
152213,0,24,3.75,0
152215,1,19,3.75,0
152217,0,11,3.5,0
152222,NA,40,2.5,0
152223,1,35,3.25,0
152226,1,31,2.75,0
153106,1,9,3.5,0
153108,1,52,3,0
153113,1,5,3.5,0
153115,1,46,1.75,0
153122,1,6,3.25,0
153123,1,8,3.25,0
153129,1,6,3.25,0
153208,1,17,3,0
153211,1,10,3.25,0
153214,1,11,3.5,0
153216,0,34,2.25,0
153217,1,10,2.5,0
153218,NA,52,3.75,0
153220,1,17,3.5,0
153222,1,21,3.5,0
154104,1,16,4,0
154109,0,5,3,0
154213,1,5,4,0
154221,1,7,3.5,0
154224,1,24,2.25,0
155105,0,11,3,0
155114,1,44,2.5,0
155214,NA,23,3,0
156101,0,12,3,0
156105,1,13,3,0
156107,1,11,2.25,0
156121,1,12,2.75,0
156201,1,28,3.25,0
156207,0,44,3,0
156211,1,9,3.75,0
156216,1,8,2.5,0
156217,0,3,2.5,0
156223,1,16,1.75,0
156229,NA,2,3.25,0
156230,NA,1,3.5,0
157103,1,17,3,0
157109,0,2,2,0
157110,1,35,2.5,0
157113,1,20,3.5,0
157122,0,32,2.25,0
157123,1,37,2.75,0
157201,1,40,3.5,0
157204,1,17,1.25,0
157207,0,26,3.25,0
157209,1,21,3.5,0
157210,1,31,2.75,0
158133,1,44,3.75,0
158208,1,7,3,0
158212,0,1,3.5,0
158223,1,34,3,0
159110,0,5,3.25,0
159116,0,13,3.25,0
159208,NA,5,3.25,0
159216,1,14,3.5,0
159218,1,10,3.25,0
159223,1,7,2.75,0
159231,0,2,3.25,0
160102,1,8,3.5,0
160118,0,7,2.75,0
160119,0,19,3.5,0
160125,1,11,2.75,0
160201,0,8,3,0
160209,1,30,2,0
160210,1,11,3.25,0
160216,NA,0,3.75,0
161102,1,25,3.75,0
161107,1,3,3.75,0
161116,1,5,3.75,0
161205,1,9,3,0
162102,0,30,4,0
162103,1,25,3.75,0
162104,1,5,3.5,0
162105,1,9,3.25,0
162212,0,16,3.5,0
163107,0,20,4,0
163110,0,10,3.25,0
163111,1,31,3,0
163117,0,13,3.25,0
163120,1,21,2.75,0
163123,NA,0,1.75,0
163124,NA,12,2.5,0
163126,1,28,2.25,0
163127,0,13,2.25,0
163201,1,27,3.75,0
163219,1,29,2.5,0
163221,0,11,3.5,0
163233,1,4,2.75,0
163234,NA,10,2,0
164126,1,22,2.75,0
164133,1,9,2.25,0
164214,NA,3,4,0
165107,1,40,3.25,0
165108,1,3,4,0
165202,0,11,2.5,0
165219,1,7,3.75,0
166101,1,2,4,0
166108,1,7,3.5,0
166117,1,6,2.5,0
166205,1,10,2.75,0
166211,0,15,2.75,0
166230,1,6,3.25,0
166261,1,21,3.25,0
167109,1,26,3.5,0
167110,1,38,2.75,0
167120,1,13,3,0
167209,1,31,3,0
167212,1,3,3.25,0
167217,1,2,3.5,0
167218,1,19,3.25,0
167219,0,9,3.75,0
167224,1,5,3.75,0
167230,1,36,3,0
168101,1,56,4,0
168102,0,8,3,0
168104,0,3,2.25,0
168110,0,21,3.25,0
168115,1,2,3.5,0
168117,1,10,2.75,0
168120,1,15,3,0
168121,0,14,3.25,0
169105,1,2,3,0
169106,0,32,2.25,0
169113,0,19,3.5,0
169116,0,28,3.75,0
169205,NA,0,2,0
169219,1,2,4,0
169224,0,28,3.75,0
169229,1,4,2.25,0
170110,0,6,3.5,0
170124,1,48,3.5,0
170201,1,48,3,0
170216,0,14,3.25,0
170217,1,10,3.5,0
170218,1,11,3.5,0
171106,0,19,2.75,0
171116,NA,0,NA,0
171118,0,9,3,0
171205,1,9,2.75,0
171209,1,21,3.25,0
171217,0,8,2.5,0
171219,0,3,3.25,0
172212,1,21,3.25,0
172221,0,9,3.75,0
173118,0,6,3.5,0
173161,NA,19,3.25,0
173202,1,7,2.5,0
173203,1,56,2.25,0
173207,NA,32,3.75,0
173214,1,11,3.25,0
173217,0,12,3.5,0
174109,0,46,3.25,0
174114,1,13,2.75,0
174116,0,3,3,0
174117,0,4,2,0
174118,1,9,3,0
174119,1,4,3.25,0
174125,1,2,3.5,0
174203,1,11,3.75,0
174205,1,22,3.25,0
174207,1,7,3.5,0
174208,1,14,3.25,0
174211,1,3,4,0
174219,1,7,3.75,0
174222,0,5,3.75,0
174223,1,33,3.25,0
175101,0,10,2.5,0
175118,NA,48,3,0
175119,1,6,3.25,0
175201,1,8,2.25,0
175208,NA,0,3.25,0
175209,0,9,3.5,0
175220,1,11,3.5,0
175221,1,1,2,0
176113,NA,12,3.5,0
176206,0,42,2.75,0
176210,0,9,3,0
176211,1,3,3.75,0
176215,1,27,2.75,0
176218,0,5,3.5,0
176220,1,4,4,0
177105,1,7,3,0
177116,1,24,3.5,0
177202,1,24,3.5,0
177214,1,5,3,0
178102,1,1,3.75,0
178103,0,0,2.5,0
178107,1,16,2.75,0
178124,NA,1,4,0
178218,0,3,2,0
179107,1,10,3.5,0
179118,1,5,3.25,0
179219,1,6,3.25,0
179223,1,11,3.25,0
179228,0,2,3.5,0
179231,1,8,2.75,0
180102,1,10,2.75,0
180103,1,5,3,0
180107,1,44,2.25,0
180121,1,52,3.25,0
180124,0,44,3.25,0
180127,1,2,3,0
181110,1,5,3.5,0
181125,NA,11,3.5,0
181126,1,30,3.25,0
181129,0,0,4,0
181203,0,5,3.5,0
182111,0,10,3,0
182213,1,6,3.5,0
182219,1,3,2.5,0
182226,1,10,3.75,0
183202,1,19,2.5,0
183207,1,18,3,0
183213,1,6,4,0
183217,0,19,3,0
183219,1,44,2.5,0
184101,1,27,2.5,0
184103,1,52,2.75,0
184104,1,26,2.75,0
184107,1,8,3.5,0
184109,1,12,3.75,0
184110,NA,2,3,0
184114,1,5,3.25,0
184115,1,7,3.25,0
184206,1,52,3.75,0
184216,1,11,2.25,0
184219,0,25,3,0
185104,1,32,3.75,0
185105,1,22,3,0
185121,NA,16,2.5,0
185204,1,9,3.25,0
185208,1,7,3,0
185209,1,34,3.5,0
185210,1,17,2.25,0
185224,1,12,3.75,0
186112,1,18,2.75,0
186114,1,14,2.25,0
186117,1,44,2,0
186206,1,40,3,0
186207,1,32,2.25,0
186208,1,1,3.25,0
186212,1,27,3,0
186213,0,14,4,0
186217,1,29,3.5,0
186221,1,26,3.5,0
186227,0,37,2.75,0
186229,1,56,3,0
187110,1,15,2.75,0
187111,0,52,2.5,0
187114,1,39,3.75,0
187122,1,15,2.5,0
188102,1,12,3,0
188103,NA,46,4,0
188203,1,35,2.25,0
189203,1,32,2.25,0
189204,1,6,3.5,0
189206,0,20,3,0
189212,1,6,2.25,0
190111,0,13,2.75,0
190201,0,20,2.75,0
190202,0,34,3.5,0
190205,0,1,2.5,0
190217,0,11,3.5,0
190221,NA,1,4,0
191110,0,21,1.75,0
191111,1,34,2,0
191205,1,11,3.25,0
191210,NA,11,2.75,0
191211,0,6,2.25,0
191214,1,6,3.75,0
191216,1,11,2,0
191303,0,6,2.75,0
191308,1,17,2.75,0
191312,1,2,3.75,0
192103,0,33,3.75,0
192105,NA,7,3.75,0
192106,0,6,3,0
192108,0,29,2.25,0
192120,NA,42,2.25,0
192161,1,19,3,0
192203,0,4,3.75,0
192204,0,8,2.5,0
192205,0,10,3.5,0
192211,0,10,2,0
192214,1,35,2.5,0
193110,1,10,2.25,0
193115,1,2,3.25,0
193120,0,3,3.75,0
193125,1,19,3.5,0
193129,1,7,2.75,0
194106,1,26,3.25,0
194129,1,11,3.25,0
194214,1,42,2.5,0
195103,0,10,3.5,0
195115,1,12,3.5,0
195206,1,24,2.5,0
195207,1,44,2.5,0
195211,1,9,3,0
195225,0,31,2.75,0
195232,1,48,2.75,0
196103,1,16,2.75,0
196118,0,42,2.5,0
196207,1,36,3.75,0
196217,NA,3,3,0
196225,0,4,3.75,0
197107,1,36,2.25,0
197113,1,14,3.5,0
197117,0,9,3,0
197120,1,4,3.25,0
197215,0,33,3.75,0
197223,0,39,2.5,0
198107,1,16,2,0
198125,1,27,3,0
198201,1,25,2.5,0
198202,1,16,2.75,0
198213,1,9,3.25,0
198227,NA,25,3.5,0
199103,1,37,2.25,0
199113,0,5,3.75,0
199213,0,18,3,0
199217,1,7,2.25,0
199218,1,7,3.25,0
199226,1,38,3,0
199227,1,6,3.5,0
199230,1,5,3.25,0
199231,1,7,3,0
200112,0,17,2.25,0
200116,0,6,1.75,0
200117,0,46,1.75,0
200124,1,56,3,0
200127,1,27,2.5,0
200134,0,35,2.75,0
200202,0,5,3,0
201107,1,6,2.5,0
201109,1,15,3.5,0
201111,0,35,3.25,0
201121,0,14,2.5,0
201208,0,36,3.75,0
201215,NA,0,NA,0
202106,0,40,2,0
202215,1,11,3.5,0
203102,1,9,2.75,0
203231,1,24,3.5,0
204103,1,36,3.25,0
204111,1,21,2.75,0
204118,1,10,3,0
204210,0,9,3.75,0
204214,1,15,3,0
204215,1,12,1.5,0
205104,0,34,2.75,0
205119,1,10,3.25,0
205120,1,6,3.25,0
205122,1,11,3.75,0
206112,1,3,3.75,0
206202,1,18,3,0
206203,1,8,2.5,0
206209,1,25,3.5,0
206211,0,23,3.5,0
206213,0,33,3,0
206222,0,2,3.5,0
206229,0,2,3.5,0
206233,0,6,3,0
207104,0,2,3.5,0
207108,1,35,3.5,0
207120,0,23,2.5,0
207205,0,8,3.75,0
207214,1,10,3.5,0
207216,0,7,2.25,0
208105,1,1,3.25,0
208206,1,11,3,0
208209,1,4,2.75,0
208211,0,4,3.5,0
208213,1,9,3.25,0
208218,1,31,4,0
209106,1,3,3.25,0
209107,1,20,3.5,0
209109,0,7,2.5,0
209203,1,17,1.75,0
209210,0,5,3.5,0
209211,0,6,2.75,0
209216,1,8,3,0
209217,0,9,2.5,0
210101,0,28,2.25,0
210110,0,5,2.25,0
210114,0,6,3,0
210117,0,18,3.5,0
210118,0,25,3.5,0
210126,0,4,2,0
210207,1,28,3.5,0
210208,1,2,2.75,0
210215,0,4,2.25,0
210216,1,6,2.75,0
211107,1,10,3.5,0
211112,0,8,3,0
211121,0,44,2.75,0
211206,1,48,3.25,0
211209,NA,12,3,0
211211,0,5,2.75,0
211217,0,8,3,0
212105,0,9,3,0
212106,0,10,3,0
212107,1,7,3.5,0
212114,0,1,2.25,0
212209,0,7,3.25,0
212211,1,5,3.5,0
212227,0,31,3.25,0
213103,1,25,3.5,0
213203,0,14,3.5,0
213210,1,44,3,0
213213,1,11,3.5,0
214106,1,35,3.25,0
214124,0,16,2.75,0
214203,0,27,3,0
214211,1,7,2,0
214218,1,5,3.75,0
214223,1,2,2.25,0
215204,1,11,3.75,0
215219,0,3,2.5,0
216103,1,12,3,0
216106,1,1,3,0
216111,0,1,3.5,0
216126,1,4,3.25,0
216131,1,8,2.5,0
216202,NA,3,3,0
216216,0,17,2.5,0
217108,1,44,3.25,0
217113,1,56,3,0
217121,1,5,2.5,0
217129,0,15,3,0
217217,1,42,2.5,0
217223,NA,2,3.5,0
217227,1,32,2.25,0
217317,1,23,4,0
217319,NA,13,3,0
218104,NA,7,4,0
218114,NA,0,4,0
218212,1,15,2.5,0
218214,1,4,3.25,0
218219,1,46,2.75,0
219103,1,4,3.25,0
219106,0,40,2.75,0
219109,NA,6,2.5,0
219116,0,44,3.75,0
219119,1,6,3.25,0
219122,0,4,3.25,0
219125,0,9,2.25,0
219208,1,39,1.75,0
219211,NA,5,2.25,0
219213,1,6,3.25,0
219224,1,24,2.25,0
219233,1,28,3.25,0
220106,0,9,3,0
220205,0,18,3.5,0
220223,1,19,2.5,0
221101,NA,7,2.75,0
221208,1,15,2.75,0
221212,1,4,3.75,0
221213,1,33,3,0
221218,1,46,3.5,0
222102,1,28,2.5,0
222106,NA,8,2.75,0
222110,NA,38,2.25,0
222114,1,12,2.5,0
222201,1,26,3.5,0
222209,1,28,3.25,0
223123,NA,27,3,0
223126,1,12,3,0
223203,1,6,3.5,0
223206,0,11,2.75,0
223220,0,5,3.5,0
223221,1,26,3,0
224206,NA,1,3.5,0
225103,NA,9,3,0
225116,1,6,3.5,0
225118,0,14,3,0
225204,1,0,2.75,0
225213,0,11,1.75,0
225224,1,8,2.25,0
226109,1,7,2.25,0
226119,1,15,2,0
226125,0,38,2,0
226205,1,40,2.75,0
227102,0,12,3.25,0
227106,0,19,2.25,0
227121,0,13,3.75,0
227126,1,28,2.25,0
227202,0,5,2.75,0
227205,1,48,3.25,0
227209,1,9,2.5,0
227221,1,13,3.25,0
228101,1,6,3,0
228108,0,17,4,0
228118,1,3,3.5,0
228120,1,7,3.5,0
228204,0,5,2.75,0
228221,NA,11,2.75,0
228224,1,7,2.25,0
229116,1,17,2.75,0
229202,0,5,3.5,0
229219,0,5,4,0
229222,1,39,3,0
229261,1,6,3.5,0
230101,1,10,3.5,0
230111,1,12,2.5,0
230114,1,7,3.75,0
230121,1,8,3.5,0
230203,1,23,2,0
230205,1,9,3.25,0
230208,0,6,2.5,0
230211,1,13,3.5,0
230217,1,18,2.25,0
230224,1,8,2.5,0
230233,0,31,2.5,0
231110,1,12,3.25,0
231111,1,11,3,0
231113,1,52,3.25,0
231201,1,11,2.75,0
231213,0,1,2.75,0
231217,0,1,3.5,0
231220,1,12,2.75,0
232104,1,10,2.5,0
232108,1,5,2.5,0
232111,0,8,3.25,0
232115,1,6,3.25,0
232117,1,7,3.25,0
232123,0,5,3.75,0
232201,1,48,3,0
233122,0,7,3,0
233123,NA,7,3,0
233134,1,14,3.25,0
233202,NA,0,3,0
233208,1,1,2.5,0
234107,1,6,3.25,0
234205,NA,10,3,0
234208,1,19,3,0
234212,1,7,3.5,0
234215,0,6,1.5,0
234216,1,5,3,0
234221,0,20,3.75,0
235103,0,40,2.25,0
235104,0,2,1.25,0
235112,1,14,1.5,0
235113,0,7,2.75,0
235207,1,9,1.75,0
235212,1,5,2.75,0
236101,0,26,2.25,0
236107,NA,39,3.5,0
236121,1,13,1.5,0
236131,NA,0,3.5,0
236226,1,7,3.75,0
237102,1,0,NA,0
237122,1,35,2.5,0
237128,1,0,3.75,0
237130,NA,0,3.75,0
237207,1,10,3,0
237215,NA,9,3,0
237222,1,8,3,0
237223,1,42,3.5,0
237228,1,8,3.25,0
237230,1,10,3.25,0
238109,1,26,3,0
238204,1,21,2.5,0
238207,1,19,2.25,0
238210,1,26,3,0
238212,1,40,3,0
238218,1,56,2.75,0
238223,1,34,3.25,0
239101,1,52,2.5,0
239105,0,14,2.25,0
239108,0,52,2.25,0
239112,1,10,1.75,0
239118,0,8,2.5,0
239135,NA,18,3.25,0
239220,1,42,3.5,0
240101,NA,44,3.75,0
240203,0,38,3,0
240215,1,42,4,0
240222,1,5,4,0
241102,1,18,3.25,0
241108,NA,1,3.5,0
241109,1,48,3.5,0
241116,1,38,4,0
241201,1,33,3.25,0
241207,NA,36,3,0
241305,1,17,2.25,0
242109,1,6,2.25,0
243102,0,18,3.75,0
243124,NA,7,3,0
243202,1,8,2,0
243208,1,34,3.5,0
243213,0,40,2.5,0
243217,1,19,2.5,0
244212,NA,1,2.25,0
244221,NA,8,2.75,0
245111,1,10,2.75,0
245119,1,46,3.5,0
246204,1,40,2.5,0
246218,0,7,3.25,0
246221,1,12,2,0
246222,0,13,2.75,0
247106,1,56,3,0
247107,1,9,3.75,0
247108,0,0,3,0
247114,NA,1,3,0
247115,1,11,3.25,0
247118,1,1,3.25,0
247120,NA,0,2.5,0
247122,0,26,2.5,0
247301,1,31,3.25,0
247303,0,13,3.75,0
247309,NA,29,3,0
247313,0,6,2.75,0
247319,NA,18,3.25,0
247331,0,6,3,0
248121,1,8,3.5,0
248202,0,32,3.5,0
248212,1,56,2.5,0
248226,1,42,3.25,0
249120,1,48,2.75,0
249201,1,28,2.75,0
249219,1,39,3.75,0
249224,1,16,3.25,0
250104,1,29,2.75,0
250111,1,1,3.25,0
250211,1,14,3,0
250214,1,9,3.25,0
250217,1,8,3.25,0
250312,NA,10,2,0
250331,1,11,3.25,0
251107,1,0,3.5,0
251109,NA,3,3.5,0
251111,NA,0,3.5,0
251116,1,10,3.25,0
251214,1,0,3.25,0
251216,0,11,2.25,0
251221,NA,2,2.5,0
252101,1,1,2.75,0
252109,NA,31,2.25,0
252111,1,33,3.75,0
252206,NA,9,3.5,0
252219,NA,11,3.5,0
253218,0,38,3.5,0
254101,1,5,3,0
254105,1,15,3.25,0
254112,0,11,3,0
254221,1,35,3.5,0
255101,1,24,3.25,0
255102,1,3,3.75,0
255105,1,9,3.25,0
255112,0,12,3.25,0
255118,NA,20,3.75,0
255120,0,5,3.75,0
255201,1,7,2.5,0
255202,1,34,3.75,0
255211,1,26,2.75,0
255213,1,3,3.5,0
255217,1,34,3.5,0
256128,NA,42,3.75,0
256202,0,19,2.5,0
256208,1,27,3.25,0
256215,1,39,3.25,0
256218,1,27,4,0
256304,0,52,3.75,0
256312,0,17,2.5,0
256317,1,39,2,0
256320,1,6,3.75,0
257105,1,6,3,0
257113,NA,8,3.25,0
257124,NA,3,2.75,0
257128,1,13,2.5,0
257202,1,4,3.5,0
257205,1,31,2.5,0
257206,1,8,3.5,0
258111,1,25,3,0
258208,NA,7,3.75,0
258212,0,9,3.25,0
258217,1,42,2.5,0
258219,1,9,3.5,0
259103,1,9,3,0
259213,1,4,3.5,0
260107,1,9,3,0
260109,1,13,3,0
260112,1,0,3.5,0
260122,1,18,3.25,0
260130,1,35,3.5,0
260135,1,0,3.5,0
260205,1,19,3.5,0
260208,1,4,2.75,0
260212,1,52,2.75,0
260214,1,39,3.5,0
261101,1,2,2.25,0
261105,1,17,2.25,0
261112,1,1,NA,0
261119,1,30,3.5,0
261207,1,32,2.5,0
261261,NA,4,3,0
262103,1,16,1.5,0
262104,NA,0,3.5,0
262202,0,7,3,0
262205,NA,11,3,0
263112,1,28,2.75,0
263203,1,13,2.25,0
264104,0,1,4,0
264119,1,10,3,0
264218,0,9,3.5,0
264220,1,12,3.25,0
264221,1,15,2.5,0
264304,1,6,2.75,0
264307,1,16,3.25,0
264309,NA,11,3.5,0
264314,1,42,3.75,0
264315,1,19,3.75,0
265212,1,46,2.75,0
265215,1,29,3.75,0
265222,1,14,3.5,0
265224,1,6,3.75,0
265225,1,40,3,0
266103,1,5,3.25,0
266106,NA,28,3.5,0
266107,1,34,2.75,0
266108,0,56,3.25,0
266114,1,7,3.5,0
266128,1,20,2.75,0
266210,NA,0,NA,0
266225,1,35,2.75,0
266261,1,4,3.25,0
267106,0,35,3,0
267111,1,42,3,0
267112,1,13,2.5,0
267113,NA,31,3.75,0
267202,1,15,2.75,0
267215,1,52,2.5,0
267228,1,7,2.75,0
267231,1,38,3,0
268102,0,25,2.75,0
268107,1,44,3.5,0
268109,1,29,3.25,0
268110,0,9,3,0
268115,1,17,2.75,0
268119,1,3,3.75,0
268123,0,8,3.5,0
268126,0,13,3,0
268201,1,2,3.25,0
268202,1,14,2.75,0
268211,1,12,3,0
268216,NA,0,2.75,0
268218,0,15,2,0
268227,1,52,2.5,0
268229,1,15,3.5,0
268233,NA,6,3,0
268262,0,17,2.5,0
268301,0,15,2.75,0
268304,0,52,3,0
269103,NA,3,NA,0
269108,0,3,2.5,0
269111,0,10,3,0
269228,0,11,2.75,0
270113,1,12,2,0
270202,1,3,3,0
270209,1,1,3.75,0
270211,0,7,3.75,0
270216,1,0,3.75,0
271117,1,35,3.25,0
271201,0,18,3.75,0
271205,1,3,3.5,0
271210,1,21,3.75,0
271211,1,48,3.25,0
271214,1,5,3.5,0
271216,0,3,3,0
272108,0,5,3.5,0
272110,1,30,3.25,0
272120,1,5,3.5,0
272126,1,9,2.75,0
272129,1,27,3.25,0
272203,1,29,3.25,0
272204,0,10,3.75,0
272207,0,11,3,0
272212,1,32,3.25,0
273102,0,33,3.75,0
273105,1,28,3.25,0
273107,1,20,3,0
273117,1,13,2.75,0
273207,0,2,3.5,0
273209,1,15,2.75,0
273210,0,4,3.25,0
273211,1,0,2.25,0
273216,0,8,3.25,0
273222,0,30,4,0
273223,1,4,3.25,0
273261,1,3,2.75,0
274115,NA,1,4,0
274122,NA,22,2.75,0
274124,1,23,3.25,0
274205,1,38,3.75,0
274206,1,8,3.25,0
274207,1,6,3,0
274211,1,7,3.75,0
274212,0,56,2.75,0
274225,1,28,3.25,0
274227,1,30,3.5,0
274228,1,14,4,0
274231,NA,3,3.75,0
274234,0,1,3.5,0
274235,1,2,3.25,0
275102,1,4,3,0
275121,0,7,3.5,0
275122,1,29,3.5,0
275124,NA,26,3.25,0
276105,1,21,3.75,0
276202,1,42,4,0
276215,1,7,3,0
276216,NA,5,3.5,0
276222,1,29,3.25,0
276227,1,42,3.5,0
277125,1,25,2.75,0
277129,1,56,2,0
277134,1,48,2.75,0
277202,1,27,3.75,0
277206,1,4,3.75,0
277207,1,7,3.25,0
277218,1,3,3,0
278105,0,19,3.5,0
278114,0,10,2,0
278120,NA,1,3.75,0
278125,0,10,2.5,0
278126,0,15,2.5,0
278206,1,22,3,0
278207,1,25,3.5,0
278215,0,5,3.5,0
278217,1,8,3.5,0
278218,1,36,2.5,0
278221,1,7,3.25,0
279105,0,26,3,0
279107,1,5,2.25,0
279117,NA,2,3,0
279118,1,4,2,0
279119,1,3,3,0
279124,0,2,3.75,0
279220,1,10,2.5,0
279230,1,5,2.75,0
280103,NA,46,2.5,0
280115,0,1,3,0
280120,1,10,3.75,0
280123,NA,15,2.5,0
280127,1,20,2.25,0
280211,1,4,3,0
281101,1,5,3.5,0
281106,0,1,2,0
281118,NA,7,2.25,0
281210,NA,4,4,0
282104,1,4,3,0
282105,1,48,2.5,0
282110,0,3,2.75,0
282114,1,24,2.5,0
282124,1,22,2.25,0
282127,0,9,2.5,0
282215,0,4,2.75,0
283105,0,46,3.5,0
283120,1,15,2.25,0
283202,0,5,3.5,0
283204,1,13,3.5,0
283205,NA,33,3.5,0
283207,1,3,3.75,0
283208,1,10,2.5,0
283213,1,11,2.75,0
283214,1,37,2.75,0
283217,1,9,2.75,0
283220,1,11,3.75,0
283222,1,8,3.5,0
283223,NA,30,2.5,0
283224,1,5,3.75,0
283225,0,31,3.25,0
283227,1,3,3.75,0
283228,0,35,3.5,0
283229,NA,2,3.5,0
283230,1,52,3.75,0
283231,1,36,2.75,0
284106,1,7,2.75,0
284111,0,2,3.25,0
284116,1,17,3.5,0
284119,NA,5,2.5,0
284125,0,7,3.75,0
284134,1,13,4,0
284204,0,6,2.5,0
285105,1,15,2.5,0
285120,0,8,2.5,0
285131,1,4,3.5,0
285201,1,8,2.5,0
285205,1,11,2.5,0
285215,0,4,3.75,0
285217,0,5,3.5,0
285225,1,39,3.5,0
286112,1,44,2.5,0
286120,1,40,3.25,0
286121,0,2,3.5,0
286124,1,6,2.75,0
286125,1,2,2.25,0
286206,0,3,3.25,0
286208,0,52,2.75,0
287107,1,11,3,0
287111,1,28,3.75,0
287122,0,0,3,0
287123,0,44,2.25,0
287131,1,0,3.25,0
287133,0,6,2,0
287204,NA,1,3.5,0
287213,0,12,2.75,0
287217,NA,24,1.75,0
287218,0,28,1.75,0
288117,1,37,2.25,0
288123,NA,19,3.25,0
288124,1,16,3.25,0
288128,0,5,2.5,0
288205,1,48,3.25,0
288206,1,56,2.75,0
288209,1,11,2.5,0
288217,1,23,2,0
288233,NA,37,2.25,0
288235,0,2,3.75,0
289114,1,26,2.5,0
289117,0,24,4,0
289201,1,13,2.75,0
289203,0,39,2.75,0
289208,1,36,2,0
289216,1,39,3,0
289225,NA,5,3.25,0
289226,1,34,3,0
289227,1,16,1.25,0
289232,1,44,3.75,0
290102,1,3,3,0
290109,1,1,3.5,0
290113,1,5,2.5,0
290120,NA,1,4,0
290203,1,12,2.5,0
290219,1,29,2.25,0
290221,1,26,2.5,0
290222,NA,1,4,0
291102,1,6,3.5,0
291103,0,4,3.75,0
291104,0,44,2.5,0
291105,1,5,3.5,0
291110,1,17,2.5,0
291111,1,6,2.5,0
291114,NA,12,3,0
291115,0,4,2,0
291117,1,5,3.25,0
291120,1,38,3.5,0
291121,0,26,2.5,0
291126,1,30,3.5,0
291127,1,33,3.75,0
291128,1,3,4,0
291130,0,22,2.75,0
291134,1,3,3.75,0
291135,1,37,3.25,0
291216,0,39,3,0
291218,1,56,2.25,0
291225,1,9,3.5,0
291228,0,2,3,0
291231,0,44,2.25,0
292103,0,10,2.25,0
292108,1,4,3.75,0
292112,NA,0,2.5,0
292128,0,4,2.75,0
292206,1,7,1.75,0
292225,0,8,2,0
293114,1,24,2.75,0
293117,1,56,2.25,0
293124,NA,10,2.5,0
293128,0,14,3.5,0
293204,0,0,3.75,0
293205,NA,34,3.5,0
293206,0,11,2.75,0
293209,NA,32,3,0
293212,0,32,2,0
293215,0,24,3.75,0
293218,1,44,2.25,0
293220,0,5,3.5,0
293221,1,7,3.75,0
293222,0,2,3.75,0
293225,0,8,2.5,0
293226,0,6,3.75,0
293227,0,11,3.5,0
293229,0,13,2.5,0
294106,1,3,3.75,0
294116,0,2,1.75,0
294119,1,4,2.5,0
294203,0,1,2.5,0
295119,NA,4,3,0
295207,1,7,2,0
295210,1,35,3,0
295211,1,11,2,0
295213,0,10,3,0
295228,0,5,3.25,0
296104,0,39,2.75,0
296108,0,52,2.75,0
296110,1,0,3.25,0
296111,1,46,3,0
296118,0,27,2.75,0
296121,0,8,2.75,0
296122,1,2,3.25,0
296128,0,21,3.25,0
296129,0,22,2.5,0
296208,0,10,2.75,0
296209,1,12,3.5,0
296211,NA,0,3.25,0
296213,1,3,2.25,0
296222,0,13,2.25,0
296223,0,6,2.5,0
297103,1,27,3.75,0
297108,0,34,3,0
297119,NA,12,2.25,0
297122,1,7,2.75,0
297127,1,29,3.5,0
297128,0,24,3,0
297134,1,8,2.75,0
297214,0,6,3,0
297215,1,35,2.5,0
297220,NA,1,4,0
297224,1,0,NA,0
298103,0,0,3.25,0
299109,NA,10,2.75,0
299121,0,35,3,0
299206,1,4,2.75,0
299212,1,36,3.5,0
299218,0,12,3,0
300103,0,37,3,0
300112,1,3,3.5,0
300118,1,56,2,0
300206,0,25,3,0
300208,0,5,2.5,0
300209,1,8,3.5,0
300210,0,17,2.25,0
300212,1,20,3.5,0
300215,0,12,3.75,0
300222,1,3,3,0
300223,0,40,2.25,0
300230,1,56,3.25,0
300231,0,5,2.25,0
300232,1,40,2.75,0
301101,0,10,2,0
301102,1,20,3.5,0
301105,1,56,2.5,0
301107,1,12,3,0
301114,1,9,2.25,0
301118,0,4,2.5,0
301121,1,31,3.5,0
301122,1,4,3.5,0
301123,1,32,3,0
301124,1,8,2.75,0
301126,1,5,3,0
301128,1,3,3.75,0
301201,1,44,2.75,0
301204,NA,10,3,0
301208,NA,0,3.75,0
301209,1,7,3,0
301215,0,16,2.25,0
301225,NA,0,4,0
302206,1,52,3.25,0
302207,1,22,3,0
302210,0,21,3.5,0
302213,1,4,3.5,0
302223,1,4,3.75,0
303103,NA,12,2.5,0
303116,1,5,2.75,0
303201,1,42,3,0
303205,0,39,2.75,0
303209,0,9,3.5,0
303212,0,46,2.75,0
303215,1,56,3.5,0
303218,NA,13,2.75,0
303221,1,37,3,0
303223,1,12,3.5,0
303224,NA,10,2.75,0
303230,0,3,3.75,0
303231,1,42,3,0
304101,1,19,3.5,0
304103,0,28,2.25,0
304104,NA,9,3.5,0
304105,1,46,3.75,0
304112,1,9,2.75,0
304116,0,6,3.25,0
304126,0,28,2.5,0
304129,0,18,2.75,0
304202,0,7,3,0
304206,0,46,2.25,0
304207,1,35,3.25,0
304210,1,3,3.25,0
304211,0,27,3.25,0
304218,1,0,1.75,0
304219,1,56,2.75,0
304222,1,25,3.5,0
304227,1,12,3,0
305203,1,8,3.5,0
305208,1,22,3.25,0
305209,0,5,3,0
305211,1,10,3,0
305225,1,4,2.25,0
305228,1,13,2.75,0
305232,1,15,2.75,0
306105,1,14,2.75,0
306116,1,44,2.25,0
307103,0,56,2.5,0
307109,NA,9,2.75,0
307117,1,5,3.75,0
307124,1,3,3,0
308107,1,5,3.25,0
308301,1,5,2.25,0
308308,0,32,3.75,0
308320,NA,2,2.75,0
308321,1,7,2.75,0
309105,1,22,3.5,0
309106,NA,24,3.25,0
309122,0,3,NA,0
309123,1,3,2,0
309130,0,13,2.25,0
309208,1,2,3,0
309226,1,16,2.75,0
310109,1,12,3.25,0
310204,0,29,3.5,0
311103,0,20,3.25,0
311104,1,1,3,0
311112,1,1,3.25,0
311202,NA,0,1.75,0
311214,1,14,3,0
311215,1,34,3.5,0
311216,0,22,2.5,0
311218,1,39,3,0
311220,1,13,2,0
312101,1,8,3.25,0
312102,1,2,2.25,0
312111,1,10,3.75,0
312116,0,7,4,0
312263,0,16,2.75,0
313101,1,12,2.75,0
313102,NA,3,2.75,0
314106,1,9,2.5,0
314112,1,21,3.25,0
314115,1,0,2,0
314261,0,4,3,0
315101,0,20,2.75,0
315109,1,5,2.75,0
315203,1,9,1.75,0
315218,NA,6,2.25,0
316111,NA,2,4,0
316112,1,9,3.5,0
316202,1,5,3.25,0
317108,NA,11,2.75,0
317111,1,24,4,0
317201,1,21,3.25,0
317202,1,44,4,0
317207,1,15,3,0
317214,1,7,3.75,0
317220,0,36,3.75,0
317224,1,28,3.75,0
318116,1,8,3.5,0
318127,NA,3,3,0
318134,1,24,3,0
318208,0,14,3,0
319106,1,11,3.75,0
319107,1,8,3.5,0
319207,1,11,4,0
319211,1,13,3.25,0
319213,1,7,3.5,0
320106,0,17,2.25,0
320110,0,11,3.75,0
320111,0,17,2.75,0
320204,0,7,3.75,0
320217,1,5,2.75,0
320219,0,14,3,0
320225,1,22,3.75,0
320226,NA,8,3.5,0
321104,1,32,3.75,0
321208,0,29,3.5,0
321209,0,14,3.25,0
321212,1,11,3,0
322115,1,6,2.5,0
323103,1,12,3.25,0
323201,1,14,2.75,0
323219,1,21,3.5,0
323221,1,6,1.75,0
324108,0,0,4,0
324110,1,48,2.5,0
324212,0,24,2.25,0
324214,1,36,3.75,0
324309,1,8,2,0
325107,NA,13,3.25,0
325120,0,6,1.75,0
325125,0,6,2.5,0
325126,1,6,3,0
325127,1,44,2.25,0
325221,1,27,2.5,0
325230,0,1,0,0
325231,0,0,2,0
326103,0,1,3.75,0
326108,1,22,2.5,0
326118,0,1,2.25,0
326125,1,8,1.25,0
326202,0,7,3.25,0
326205,0,31,2,0
326206,0,40,2.5,0
326211,0,37,2.5,0
326215,1,4,3.5,0
326217,1,17,3.5,0
326218,1,12,3,0
327117,0,NA,NA,0
327119,0,15,2.75,0
327122,1,13,3,0
327126,0,12,2,0
327161,1,8,2.25,0
327205,0,2,1.75,0
327208,NA,12,3.25,0
327210,1,14,3.5,0
327225,NA,1,2,0
328106,1,4,3.25,0
328107,1,9,3,0
328113,1,8,3,0
328115,1,6,2.5,0
328161,1,14,3,0
328201,1,35,2.5,0
328210,1,30,3,0
329101,1,25,3.5,0
329110,0,3,3.25,0
329111,0,33,2.75,0
329114,1,29,2.75,0
329120,1,34,3.5,0
329121,1,1,2.25,0
329125,0,8,3.75,0
329214,1,4,3.5,0
329217,0,6,2.25,0
329220,0,15,2.75,0
330102,1,30,2.5,0
330104,0,7,3.25,0
330208,1,37,2.75,0
330210,1,6,3,0
330218,NA,26,3.25,0
331114,1,8,2.5,0
331202,0,4,3.25,0
331205,1,4,2.5,0
331207,0,6,3.5,0
331214,1,28,3.5,0
332115,1,12,3.25,0
332122,1,4,3,0
332203,NA,7,2.5,0
332204,NA,0,NA,0
332209,NA,1,2.5,0
332214,0,5,3.75,0
332220,1,5,3.5,0
332225,1,18,2.5,0
333105,NA,22,3.75,0
333109,1,10,4,0
333111,0,2,3,0
333116,0,8,2.25,0
333117,0,10,2.25,0
333206,0,10,2.75,0
333210,NA,0,2.25,0
333211,0,36,4,0
333216,1,8,3.5,0
333219,1,30,4,0
333222,0,37,3.75,0
333224,0,21,3,0
333226,0,34,2.75,0
334103,0,10,3,0
334109,1,7,3,0
334114,1,3,3,0
334201,1,25,2.75,0
334207,1,4,2.75,0
334209,1,8,3.25,0
334215,1,19,2.5,0
334219,0,10,3.75,0
334224,0,7,2.75,0
335103,1,4,3.75,0
335112,NA,4,3.75,0
335120,0,5,3.25,0
335128,1,2,3.75,0
335133,1,23,3.75,0
335208,0,13,2.5,0
335210,0,32,2,0
335218,0,7,2.75,0
336105,NA,35,1.75,0
336106,0,37,2.75,0
336109,0,6,2.75,0
336214,1,2,2.25,0
336219,1,3,2.5,0
336222,1,1,2,0
336234,NA,16,2.5,0
337101,1,30,2.5,0
337113,1,6,3.5,0
337114,NA,6,3,0
337116,1,5,3.75,0
337207,1,9,3.25,0
337214,1,8,2.75,0
337215,0,8,2.5,0
337217,1,24,2.75,0
338105,1,15,3.25,0
338106,1,52,2.25,0
338114,1,20,3.25,0
338118,1,6,2.5,0
338123,1,10,2.75,0
338127,1,46,2.5,0
338215,1,5,2.5,0
339108,0,13,3,0
339120,NA,21,3.75,0
339123,1,6,2.5,0
339128,NA,36,2,0
339161,1,3,2.75,0
339209,1,8,3.5,0
339227,1,12,2.5,0
340106,1,3,2.5,0
340117,1,3,1,0
340203,1,27,1.75,0
340205,0,10,2.75,0
340206,NA,37,3.5,0
340207,1,12,2.25,0
340220,0,5,2.25,0
340235,1,3,2,0
340262,1,8,3,0
341103,1,10,3,0
341108,1,28,2.25,0
341116,1,10,3.5,0
341117,1,44,3,0
341118,1,37,2.75,0
341119,1,40,2.25,0
341121,1,42,3,0
341124,1,34,3.5,0
341129,1,33,3.25,0
341205,0,18,3.5,0
341211,NA,3,3,0
341218,0,29,3,0
341221,0,4,3,0
342102,1,42,2.5,0
342111,NA,14,2.75,0
342205,NA,0,2.5,0
342224,NA,5,3.5,0
342225,1,5,3.5,0
342226,0,14,2.25,0
343107,1,7,2.75,0
343109,1,5,3.75,0
343116,1,5,2.25,0
343117,1,9,2.5,0
343122,1,8,3.25,0
343131,1,44,3.5,0
343215,NA,9,1.75,0
344203,1,32,3.25,0
344205,0,4,2.5,0
345105,1,2,4,0
345110,0,12,2.5,0
345124,1,17,3.5,0
345215,NA,17,2.5,0
345229,1,2,2,0
346105,0,22,3.25,0
346113,1,20,2.75,0
346122,1,33,3,0
346123,0,6,3,0
347106,1,19,2.75,0
347108,NA,7,2.75,0
347109,1,36,2.75,0
347120,1,56,2.25,0
347123,1,13,3.25,0
347220,0,6,1.75,0
348105,1,5,2.5,0
348113,1,2,3.25,0
348128,1,15,2.75,0
348203,1,7,3.5,0
348223,0,1,3.25,0
348226,1,2,3,0
348228,NA,4,2.75,0
349101,0,12,2.75,0
349102,1,4,3.75,0
349120,NA,32,3.25,0
349127,1,8,3,0
350102,1,18,2,0
350109,1,13,2.25,0
350123,1,8,3.5,0
350126,1,36,2,0
350215,1,6,3.25,0
350216,1,36,2.5,0
350225,1,29,3.25,0
351101,1,40,2.25,0
351103,1,30,3.25,0
351106,1,16,3.75,0
351110,1,9,2.25,0
351114,NA,6,3.25,0
351120,1,21,3.75,0
351124,1,3,3.5,0
352101,1,28,2.25,0
352102,1,39,2.5,0
352127,1,12,2.5,0
352201,0,7,3.5,0
352213,1,3,3.5,0
352214,1,25,2,0
352219,1,5,2.75,0
352225,1,9,3,0
352320,NA,11,2.75,0
352324,0,17,2.5,0
353207,1,7,2.25,0
353219,1,1,3.5,0
354102,1,4,3.75,0
354114,1,28,2.75,0
354123,0,26,1.75,0
354204,NA,20,2.5,0
354205,1,8,3.75,0
354208,NA,38,3,0
354216,1,2,2.25,0
354218,1,0,3.75,0
355110,0,29,3.25,0
355113,1,2,3.25,0
355209,1,7,2.25,0
355223,1,36,2.5,0
355224,1,17,3.25,0
355230,1,35,3.25,0
356103,0,30,3,0
356105,1,26,2.5,0
356109,1,11,3.5,0
356110,1,12,2.75,0
356114,NA,16,2.5,0
356116,1,8,2.25,0
356118,0,7,3.25,0
356121,0,10,3.25,0
356201,1,4,2.75,0
356202,1,1,3.5,0
356205,1,6,2.25,0
356209,1,5,3.25,0
356214,1,7,3,0
356218,1,18,3,0
356219,0,13,2.75,0
356221,1,7,2.25,0
356224,1,31,2.5,0
356225,0,6,3,0
357101,0,16,3.5,0
357102,0,27,3.75,0
357114,1,4,3,0
357115,0,17,2.5,0
357117,0,7,3,0
357123,1,4,2.5,0
357204,0,6,4,0
357207,1,52,2.5,0
357305,1,7,3,0
357307,1,30,3.25,0
357361,0,17,2.75,0
358101,1,14,3.5,0
358124,0,20,2.5,0
358220,1,38,2.5,0
358224,1,52,2,0
358229,0,6,2.5,0
359108,0,26,2.5,0
359116,0,5,3.25,0
359119,0,44,3,0
359201,1,8,3.5,0
359206,1,8,2.5,0
359318,0,1,2.75,0
360105,1,35,3,0
360109,NA,31,3.25,0
360111,1,28,2.75,0
360114,1,20,3,0
360203,1,38,1.75,0
360207,0,2,3.75,0
360211,0,18,3.75,0
361102,0,4,2.5,0
361115,0,23,2.75,0
361125,1,9,2.75,0
361203,0,18,2.25,0
361205,1,21,4,0
361213,0,7,2.75,0
361225,1,27,2.75,0
362109,1,9,2.5,0
362117,0,7,3.25,0
362123,1,13,3,0
362202,1,5,3.25,0
362207,0,11,3.25,0
362215,0,29,3,0
362217,0,12,2.25,0
363107,NA,12,2.75,0
363116,1,8,3.75,0
363119,1,8,3,0
363120,1,46,2.25,0
363130,0,25,3.25,0
363210,0,9,3,0
363214,1,15,3,0
363230,0,30,3.5,0
364104,0,7,3,0
364107,1,11,2.75,0
364113,0,24,3.75,0
364120,0,10,3.75,0
364201,1,6,3.25,0
365201,0,34,2.25,0
365203,0,2,2.75,0
365206,NA,1,2.75,0
365208,NA,8,3.25,0
365215,0,4,3.75,0
366102,1,10,2.25,0
366105,1,7,2.75,0
366106,NA,0,3.75,0
366107,1,2,3.5,0
366109,NA,2,3.75,0
366201,1,18,3,0
366205,1,6,2.75,0
366209,1,27,3.5,0
366213,1,7,3.25,0
366217,1,16,3.5,0
366224,0,7,3.5,0
367114,NA,0,2.25,0
367204,1,10,2.75,0
367211,0,7,2.75,0
368105,1,11,2,0
368114,1,32,2.5,0
368220,0,10,2.75,0
369207,1,10,3,0
369212,1,21,4,0
369213,NA,15,2.25,0
369217,1,9,2.25,0
369228,0,12,3.5,0
369229,NA,30,3.25,0
370106,0,13,1.75,0
370111,1,44,2.5,0
370123,1,3,3.5,0
370124,1,19,2.75,0
370125,1,33,2.5,0
370132,1,26,2.25,0
370206,1,11,2.75,0
370207,1,11,3,0
370208,0,39,3.5,0
370215,1,7,2.5,0
370216,1,21,3,0
370219,1,15,3,0
370221,1,23,3,0
370223,NA,9,2.75,0
370228,1,24,2,0
370231,1,42,3.5,0
371105,1,30,3,0
371123,NA,7,2,0
371126,1,42,2.5,0
371206,NA,0,4,0
371207,1,6,3.75,0
372102,0,56,2.5,0
372107,1,0,2.75,0
372115,1,9,2.5,0
372117,1,5,2.25,0
372204,1,52,2.5,0
372208,1,7,3,0
372234,0,39,2.75,0
373108,1,37,2.5,0
373116,0,6,2.75,0
373117,1,11,2.75,0
373120,1,10,3.5,0
373121,0,12,2.5,0
373220,1,11,2.25,0
373222,0,11,NA,0
374101,NA,1,3.25,0
374107,1,4,2.5,0
374116,NA,0,3.75,0
374201,1,29,4,0
374220,1,22,3,0
374221,0,9,3.25,0
374222,1,5,3.25,0
374228,0,28,2.5,0
375120,0,14,3,0
375207,1,17,2.75,0
375209,1,5,3.75,0
375212,1,21,3,0
375215,1,4,4,0
375219,1,22,3.5,0
375223,0,22,2.25,0
375224,1,4,3.75,0
376104,1,12,3.25,0
376110,0,8,3.25,0
376113,1,6,3,0
376201,1,8,2.5,0
376207,1,7,3,0
376213,1,8,3.25,0
376226,1,11,2.75,0
377106,1,12,3,0
377124,1,40,3,0
377201,1,8,2,0
377209,NA,1,3.75,0
377301,1,46,3,0
377302,1,52,3.75,0
377304,1,8,2.5,0
377309,1,6,2.75,0
377310,1,7,2,0
377314,NA,0,3.25,0
378101,1,6,3.25,0
378111,0,7,3,0
378116,1,6,3,0
378216,NA,5,3,0
379103,1,21,3,0
379110,0,8,2.75,0
379118,1,3,1.75,0
379119,1,48,2.75,0
379122,0,25,3.25,0
379215,0,9,3.25,0
380101,NA,56,2.25,0
380104,1,7,3.25,0
380109,1,52,3.25,0
380204,1,6,3.25,0
380207,1,44,2.5,0
380208,1,8,4,0
380211,1,5,3.5,0
381115,1,7,2.75,0
381121,0,37,3.75,0
381124,0,23,2.75,0
381201,0,40,2.5,0
381216,1,6,3,0
381309,1,29,4,0
381319,1,44,2,0
381321,1,18,2.5,0
381322,1,56,2.5,0
382107,0,3,3.75,0
382118,1,7,3.5,0
382120,1,20,3.25,0
382208,0,8,4,0
382210,1,34,3,0
383108,NA,6,3.25,0
383111,0,10,3.25,0
383113,0,1,3.25,0
383116,1,7,3.25,0
383122,0,6,2.75,0
383127,1,25,3.25,0
383202,1,6,2.75,0
383205,NA,11,3.5,0
384103,0,44,2.5,0
384106,1,2,2,0
384111,0,16,2.25,0
384115,0,9,2.75,0
384116,1,12,2.5,0
384118,NA,4,3.5,0
384122,1,20,3.75,0
384201,1,36,3,0
384206,NA,25,3.25,0
384209,1,4,2,0
384213,1,34,2.5,0
384216,1,2,3,0
384219,1,48,2.5,0
385101,1,26,2.25,0
385112,1,1,2.75,0
385116,0,6,3,0
385117,1,26,3.25,0
385118,1,3,3,0
385126,1,3,3,0
385205,0,4,2.25,0
385207,1,2,3.25,0
385212,1,2,3.25,0
385216,NA,10,3.25,0
385223,1,30,2.5,0
386109,0,42,3,0
386112,1,4,3,0
386114,0,12,2,0
386115,0,15,2.25,0
386117,1,10,3,0
386119,1,4,3.5,0
386120,1,22,2.5,0
386213,1,4,3.75,0
386217,1,52,2.5,0
386221,1,18,2.75,0
387102,1,52,2.5,0
387113,0,9,2.25,0
387201,1,5,3.25,0
387205,1,8,2.25,0
387207,1,30,2.25,0
387218,1,16,3.25,0
388105,1,5,3,0
388108,0,27,3.25,0
388109,0,6,3,0
389101,1,6,3.75,0
389104,1,9,3.75,0
389108,1,42,3.25,0
389111,1,4,3.25,0
389114,1,11,3.75,0
389203,1,7,3,0
389207,1,5,2.5,0
389218,1,4,3.25,0
390105,0,6,3,0
390108,1,9,2.75,0
390112,1,7,2.5,0
390114,1,3,3.5,0
390118,1,3,3,0
390120,1,11,3.25,0
390122,1,17,2.5,0
390124,1,14,3.75,0
390202,0,27,3.25,0
390203,1,4,3,0
390205,0,7,3.5,0
390206,0,2,3.25,0
390210,1,22,3.5,0
390217,0,27,3,0
390218,1,7,3.25,0
391103,1,8,3,0
391104,0,28,3.25,0
391202,1,12,3,0
391225,1,3,3.75,0
392112,1,35,3.25,0
392114,0,10,3,0
392116,0,5,2.5,0
392203,1,38,2.75,0
392204,1,15,3,0
392215,0,14,2.75,0
392216,1,3,3,0
392301,1,2,3.75,0
392304,1,8,2.75,0
392310,0,9,3,0
392311,0,12,3.75,0
392314,0,8,3,0
392318,0,9,3,0
392319,0,5,3.75,0
392322,1,8,3.25,0
393106,1,10,2.75,0
393107,1,48,2.75,0
393111,1,23,2.25,0
393112,1,25,3.25,0
393211,NA,19,3.5,0
393219,1,34,3.75,0
394108,0,10,2.75,0
394109,1,2,3,0
394110,1,8,3.5,0
394113,1,28,3,0
394114,1,5,3.5,0
394118,1,6,3.5,0
394207,NA,3,3.25,0
394214,1,10,2.25,0
394215,1,15,3.25,0
394216,1,9,2.75,0
394217,NA,0,3.75,0
394231,1,24,2.5,0
395101,0,7,2.5,0
395104,0,9,2.75,0
395106,1,9,2.75,0
395108,1,29,3.25,0
395111,0,6,3.75,0
395112,1,11,3.5,0
395113,1,30,3.25,0
395117,1,2,3,0
395118,1,15,3.75,0
395124,1,8,3,0
395127,NA,3,2.75,0
395129,0,6,3.75,0
395131,0,11,3.75,0
395203,1,10,3.25,0
395207,1,4,3.25,0
395208,0,19,3,0
395210,NA,8,3.5,0
395214,0,5,3,0
395216,0,44,2.75,0
395218,0,36,2.5,0
396110,1,25,4,0
396112,1,7,3.75,0
396115,0,39,2.5,0
396127,1,6,3,0
396223,1,7,3.25,0
396224,1,24,3.5,0
397102,0,13,3.75,0
397105,1,12,3.5,0
397108,1,4,3.75,0
397110,1,19,3.75,0
397116,1,40,2.25,0
397120,1,17,3.25,0
397124,1,3,3.75,0
397207,1,23,3.5,0
397213,0,12,3.5,0
397214,0,15,1.75,0
397215,1,3,3,0
397216,1,13,3,0
397217,1,17,2.5,0
397220,1,11,3.25,0
398102,0,12,3.25,0
398106,1,6,3.25,0
398111,0,4,3.5,0
398112,1,9,3.75,0
398114,1,8,3.75,0
398203,1,38,3.25,0
398208,1,22,3.25,0
398209,1,8,3.25,0
398210,1,40,3,0
398211,1,42,3.25,0
398212,1,3,2.5,0
398214,1,5,3,0
398216,1,18,3,0
399110,1,44,2.75,0
399113,0,52,2,0
399115,1,56,2.25,0
399202,0,19,3,0
399205,1,11,1.5,0
399210,1,10,3,0
400102,1,42,2.75,0
400109,0,27,3.5,0
400110,1,8,3.25,0
400111,1,20,3.5,0
400201,1,5,3,0
400205,1,56,2.5,0
400209,1,2,2,0
401102,1,21,3.75,0
401105,0,8,2.75,0
401107,1,56,3.75,0
401112,1,40,3.75,0
401113,1,33,2.5,0
401120,0,13,2.75,0
401122,1,17,2.25,0
401124,0,5,3.25,0
401211,NA,0,4,0
401212,1,36,2.75,0
401215,1,31,3.75,0
401219,1,36,3.25,0
402104,0,3,3.75,0
402110,1,18,3.25,0
402119,NA,7,3.5,0
402120,0,6,2.25,0
402204,1,11,2.75,0
402206,0,11,2.5,0
402209,1,7,2.75,0
402211,0,13,3.25,0
402212,1,40,3.25,0
402214,0,7,2.75,0
402219,1,12,2.75,0
402222,0,1,3.25,0
402228,1,17,3,0
402232,1,52,2,0
403101,1,15,2.5,0
403102,0,7,2.5,0
403103,1,5,3,0
403106,1,12,2.75,0
403111,1,4,2.75,0
403202,0,4,2.5,0
403203,0,9,4,0
403205,1,4,3.5,0
403209,1,39,3.5,0
403210,0,26,3.25,0
403211,1,8,3.75,0
403212,0,15,3,0
403218,0,4,3.5,0
403219,0,56,2.5,0
403220,1,33,3,0
404104,0,26,3,0
404107,1,30,3,0
404109,0,12,2.5,0
404112,1,3,2.75,0
404114,0,6,3.25,0
404116,0,39,2.25,0
404201,0,19,2.75,0
404220,1,33,3.25,0
405102,1,25,3.25,0
405113,0,2,3,0
405114,1,8,3.5,0
405118,1,11,1.75,0
405202,NA,2,4,0
405203,1,25,2.5,0
405207,1,5,2.5,0
405209,1,8,3,0
405213,0,42,2.25,0
406109,1,8,3.5,0
406114,0,3,3.75,0
406115,0,11,2.75,0
406116,0,4,3.25,0
406118,0,7,1.5,0
406201,1,32,3.25,0
406204,1,29,3.5,0
406219,1,7,2.75,0
406221,NA,9,3.25,0
407101,1,15,3.75,0
407104,1,5,2.75,0
407109,0,35,3,0
407110,1,11,3,0
407111,1,7,3.25,0
407114,0,34,2.75,0
407209,0,11,2,0
408104,1,39,3.25,0
408105,1,18,2.75,0
408107,1,52,2.5,0
408111,1,39,3.75,0
408112,1,14,2.25,0
408118,1,8,3.25,0
408125,1,11,3.5,0
408127,NA,17,2.5,0
408203,1,13,1.5,0
408206,NA,2,3.75,0
408222,1,30,2.25,0
408224,1,6,2.5,0
408227,NA,6,3.5,0
409103,NA,20,2,0
409111,1,8,3.5,0
409114,0,0,3,0
409201,1,14,3,0
409202,1,52,2.75,0
409213,0,5,2.25,0
409216,0,21,3,0
409220,0,42,2.5,0
410105,1,26,2.25,0
410113,1,7,2.75,0
410114,1,42,3.25,0
410120,1,23,4,0
410127,1,33,3.25,0
410130,1,21,3,0
410134,1,10,2,0
410202,1,10,2.75,0
410216,1,25,3.5,0
411105,NA,0,0.5,0
411106,1,33,2.5,0
411107,1,23,3.25,0
411109,0,20,2,0
411125,1,17,2.75,0
411129,1,48,2,0
411131,0,37,2.5,0
411201,1,5,2.75,0
411205,1,28,3.25,0
411207,1,29,3,0
411216,1,11,3.5,0
411217,0,10,3.75,0
411228,0,3,2.75,0
412107,1,11,3.5,0
412108,0,7,4,0
412110,NA,48,3,0
412111,0,11,3,0
412115,0,9,3.75,0
412119,1,12,3.5,0
412120,1,15,2.75,0
412123,1,4,3.75,0
412201,1,46,3.75,0
413101,NA,4,3.25,0
414110,1,4,2.75,0
414204,1,24,4,0
414205,0,56,3.25,0
414209,0,9,3.25,0
414210,1,3,3.5,0
414218,1,4,2.75,0
414219,1,6,3,0
415101,NA,22,2.75,0
415104,1,44,2.75,0
415106,1,16,3.5,0
415108,1,10,4,0
415109,1,17,3,0
415114,1,11,3.25,0
415115,1,18,3,0
415116,1,37,3.75,0
415117,1,8,3,0
415123,0,14,2.75,0
415126,1,15,3.25,0
415203,1,4,3.25,0
415206,1,12,3.25,0
415209,0,2,4,0
416105,1,8,2.5,0
416106,1,1,NA,0
416110,1,6,4,0
416112,1,0,NA,0
416114,1,2,3.75,0
416117,0,3,3.75,0
416119,1,20,2.25,0
416120,0,2,3.75,0
416121,NA,7,2.5,0
416123,NA,6,2.75,0
416205,1,35,3.25,0
416207,1,56,3.5,0
416219,0,17,3.5,0
416223,1,14,3.25,0
417105,1,40,3.25,0
417109,0,23,2.25,0
417118,1,48,2.5,0
417119,0,52,2.5,0
417121,1,10,2.75,0
417122,1,14,3,0
417125,0,10,2.25,0
417126,1,56,3.75,0
417128,1,4,3.75,0
417203,0,5,2.5,0
417206,0,6,3.25,0
417207,0,6,2.75,0
417212,0,2,3.5,0
417213,1,4,3.5,0
417215,0,7,3.25,0
417218,1,2,3.75,0
418102,1,36,3.75,0
418104,1,6,2,0
418112,NA,8,3.5,0
418114,1,11,2.75,0
418116,1,5,2.25,0
418118,1,1,3,0
418208,1,3,2.25,0
418209,1,36,3.25,0
418214,0,2,2.5,0
418215,1,6,4,0
418216,1,8,3,0
418223,NA,10,2,0
418314,1,11,3.5,0
418317,1,2,3.5,0
418319,0,36,2.5,0
419113,NA,18,2.5,0
419205,0,9,2.75,0
419206,0,36,2,0
419211,0,10,2.75,0
419212,0,6,2.5,0
419214,0,30,2.5,0
419216,1,23,3.5,0
419221,0,4,3.25,0
420102,1,3,3.5,0
420104,0,23,2.75,0
420112,0,22,3.75,0
420115,0,2,2.25,0
420203,NA,46,3.25,0
420204,1,56,2.25,0
420210,1,34,3,0
420214,0,24,2.25,0
420217,0,39,3.25,0
421106,0,39,3,0
421111,1,11,3.25,0
421113,1,5,3.5,0
421116,0,7,2.5,0
421117,1,22,3,0
421121,0,6,3.5,0
421201,0,8,3,0
421212,0,4,3,0
421216,1,27,2.75,0
421217,NA,7,2.75,0
422102,0,42,2.5,0
422116,1,17,2.25,0
422121,1,4,3,0
422122,1,44,3.75,0
422123,1,6,2.75,0
422127,0,36,2.75,0
422205,NA,9,1.75,0
422206,1,8,3,0
422211,1,30,2.75,0
422214,1,4,3.25,0
422217,1,4,3.75,0
422226,0,36,3.5,0
423101,0,5,3.75,0
423102,1,3,3.75,0
423105,1,23,3.25,0
423107,1,35,3,0
423111,1,31,3.5,0
423112,0,46,2.75,0
423115,1,17,2.75,0
423203,NA,13,2.75,0
423205,1,6,3.5,0
423206,0,5,2.25,0
423209,0,18,3,0
423216,1,39,3.25,0
424106,1,7,3,0
424108,0,23,2.75,0
424109,1,16,2.5,0
424110,1,9,3.25,0
424113,0,7,3,0
424115,0,8,2.25,0
424116,1,16,2.5,0
424118,0,8,3,0
424121,NA,5,3.25,0
424122,1,23,2.75,0
424213,1,8,4,0
424219,1,6,2.5,0
424220,0,36,2.75,0
424308,1,5,2.75,0
424309,0,18,3.25,0
424310,1,35,3.5,0
424314,1,3,3.25,0
424316,0,2,3.75,0
424317,1,8,3.5,0
424318,1,19,2.75,0
424320,0,9,3.75,0
424325,1,27,3.25,0
424328,0,5,3.5,0
425101,0,6,2.5,0
425102,1,18,2,0
425120,1,31,3,0
425125,1,6,2.75,0
425204,0,12,2.5,0
425211,0,29,3,0
425218,1,32,2.25,0
425220,0,17,3.5,0
425221,0,25,2,0
425228,1,5,3,0
425229,1,4,2.25,0
425301,1,6,2,0
425302,NA,13,3.75,0
425304,1,3,3,0
425308,1,9,2.75,0
425316,1,10,2.75,0
425318,0,7,2.75,0
425319,1,10,3,0
425321,0,6,3,0
426105,1,7,3.25,0
426110,0,12,3,0
426115,1,3,3.5,0
426117,1,7,3.25,0
426122,1,14,3.75,0
426124,0,14,3.25,0
426125,0,9,3.5,0
426205,1,21,2.5,0
426210,1,3,2.75,0
426305,0,44,2.5,0
427103,1,15,3.25,0
427104,1,4,3.5,0
427105,1,6,3.25,0
427107,1,2,3.25,0
427114,1,8,3.25,0
427115,0,11,3.5,0
427117,1,3,2.75,0
427119,1,3,4,0
427132,0,1,3.5,0
427134,0,8,3.25,0
427145,1,2,3.25,0
427148,1,16,3.25,0
427149,NA,9,3.5,0
427201,NA,10,3,0
428101,NA,26,2.75,0
428104,1,6,3.75,0
428105,1,2,3.25,0
428106,0,31,2.75,0
428109,0,5,3.5,0
428110,1,10,3.5,0
428112,NA,5,3.75,0
428113,1,37,3.5,0
428203,1,17,3,0
428204,0,36,3.25,0
428207,1,34,2.5,0
428216,0,32,2.75,0
428217,0,16,3.25,0
428222,1,36,3.75,0
428261,0,2,3.5,0
428303,1,8,3,0
428305,0,5,3.5,0
428306,1,17,3.5,0
428309,NA,0,2.75,0
428311,0,12,3.5,0
428313,1,12,3.5,0
428316,NA,3,2.5,0
428318,0,2,3.75,0
428321,1,25,2.75,0
428322,0,0,3.25,0
429104,1,3,2.75,0
429117,0,7,2.25,0
429118,0,3,3.25,0
429161,NA,21,3.75,0
429202,0,2,3.75,0
429207,1,8,3.5,0
429208,NA,3,3.25,0
429211,0,2,3.25,0
429212,NA,4,3.25,0
429219,0,12,3.75,0
429221,1,2,3.75,0
429223,0,25,NA,0
429232,0,7,3.5,0
430202,1,6,3.5,0
430205,1,38,3.75,0
431108,1,19,2.75,0
431209,NA,5,2.5,0
432103,1,17,3.25,0
432106,NA,6,3,0
432112,0,13,3.5,0
432113,1,3,3.5,0
432114,0,25,4,0
432116,1,8,2.5,0
432122,0,4,3.75,0
432123,0,3,3.75,0
432128,1,11,2.75,0
432130,0,16,2.25,0
432134,0,28,3.5,0
432201,1,2,3,0
432215,NA,0,2.5,0
432235,NA,6,2.5,0
433204,1,5,2.25,0
433207,NA,1,3.25,0
433212,1,20,3,0
433214,1,36,3.75,0
433224,1,11,3.5,0
433225,1,7,3.25,0
434108,1,36,3.75,0
434117,1,28,3.25,0
434119,1,18,3,0
434120,1,6,3.5,0
434121,1,20,3.75,0
434124,0,37,3.25,0
434126,1,8,2.75,0
434129,1,7,3.5,0
434130,0,11,3,0
434132,1,32,3.25,0
434145,NA,25,3,0
434148,1,35,2.5,0
434201,0,4,3.75,0
434217,1,6,2.75,0
434229,1,11,3.25,0
435108,0,13,3,0
435207,0,2,4,0
435261,0,10,3.25,0
436103,1,33,3.75,0
436106,1,2,3.75,0
436111,1,23,3.75,0
436204,0,7,0.75,0
436212,0,2,3.75,0
436214,NA,0,4,0
436215,NA,38,3.5,0
436219,1,13,3,0
436308,1,32,3.25,0
436309,1,10,3.25,0
437111,1,10,3,0
437114,1,1,3.5,0
437119,1,3,3.75,0
438108,0,31,2.75,0
438111,0,10,3,0
438206,1,0,4,0
438213,0,8,2.5,0
438216,0,7,2.5,0
438218,0,38,3,0
438220,0,3,3.75,0
438223,0,3,1.75,0
439112,NA,23,2.75,0
439115,0,4,2.5,0
439119,1,9,3,0
439127,1,7,3.5,0
439130,1,30,3.25,0
439131,1,3,3.5,0
439209,1,7,3.5,0
439210,1,42,4,0
439211,1,31,3.5,0
439215,1,22,2.75,0
439217,1,7,3,0
439218,1,20,3.25,0
439222,1,17,3.25,0
440101,0,32,3,0
440107,0,5,3,0
440108,0,1,3,0
440111,NA,5,3.25,0
440121,0,5,3,0
440122,1,4,2.25,0
440123,0,25,2.75,0
440129,1,18,3.5,0
440131,0,10,2.5,0
440135,0,12,2.5,0
440136,0,4,3.25,0
440137,0,37,3.5,0
440140,0,4,3,0
440142,0,4,3.75,0
440143,1,7,3.25,0
440149,1,32,2.5,0
440150,1,1,3,0
440151,1,6,3,0
440161,0,16,3.75,0
440201,0,46,3.25,0
440202,0,35,2.75,0
440203,0,3,3.5,0
440204,1,42,3,0
440210,0,21,3.25,0
440211,0,1,3.5,0
440212,NA,0,3.5,0
440218,1,40,2.5,0
440220,1,3,3,0
440221,1,42,3,0
440223,0,11,2,0
440225,1,2,3.75,0
440226,0,12,4,0
440228,0,32,3.25,0
441106,1,12,3.25,0
441112,1,9,2.75,0
441122,1,10,2.25,0
441129,0,14,3,0
441202,1,4,4,0
441220,0,9,2.5,0
442201,1,0,3,0
442207,0,28,2.75,0
442213,0,27,2.75,0
442221,0,4,3,0
443202,0,10,2.5,0
443210,0,29,3,0
443215,0,8,3.25,0
444104,0,7,3.5,0
444107,1,15,3.75,0
444109,NA,0,2.5,0
444111,1,11,3.25,0
444114,0,5,2.75,0
444116,NA,44,2,0
444120,1,10,3,0
444122,0,44,3.25,0
444201,0,15,3,0
444203,1,5,2,0
444216,0,11,2.75,0
444220,0,31,3,0
444222,1,12,3.25,0
444224,1,14,3.25,0
444262,0,30,3.25,0
444263,0,48,3,0
445105,1,27,3.5,0
445108,1,13,3.25,0
445112,1,13,3.5,0
445123,1,33,3.75,0
445206,1,12,3.25,0
445210,1,5,4,0
445211,NA,17,2.5,0
445213,1,42,3,0
445216,1,8,3,0
445224,1,12,3.5,0
445227,0,28,2.25,0
445228,0,12,3.5,0
446102,0,13,3.5,0
446103,0,3,3.25,0
446104,1,48,2.75,0
446106,0,8,3.75,0
446107,1,10,2.5,0
446112,NA,23,2.5,0
446116,0,37,2.75,0
446122,0,17,3,0
446127,0,3,3.75,0
446128,0,7,2.5,0
446203,0,8,3.25,0
447106,1,23,2.25,0
447121,1,33,3,0
447128,0,31,4,0
447129,1,18,2.75,0
447202,0,27,3.25,0
447204,1,33,4,0
447208,1,14,4,0
447212,1,27,3.75,0
447214,1,29,4,0
447215,1,12,4,0
447303,1,5,3,0
447306,1,6,2.75,0
447307,0,9,3.5,0
447314,1,12,3.25,0
448106,1,15,3.25,0
448117,1,7,3,0
448120,1,6,3,0
448121,0,15,3,0
448122,NA,10,2.75,0
448128,1,3,3.75,0
448202,1,19,2.5,0
448203,1,6,3.25,0
448205,1,6,3,0
448207,1,12,3.5,0
448224,1,22,2.5,0
448231,1,23,3,0
448232,1,3,3.25,0
449101,1,44,4,0
449104,0,4,4,0
449108,NA,4,3.75,0
449113,0,44,2,0
449114,0,26,3.5,0
449115,1,48,3.25,0
449116,NA,38,3.5,0
449118,0,17,3.25,0
449119,1,4,3.25,0
449121,1,2,3.5,0
449123,0,2,3.25,0
449125,1,34,3.5,0
449128,0,3,3.75,0
449132,0,28,4,0
449133,0,4,3.75,0
449211,1,8,3.5,0
449214,0,17,3.5,0
450103,0,27,3.25,0
450106,1,7,3.25,0
450163,0,48,3.25,0
450205,0,6,4,0
450212,NA,7,3.25,0
450216,0,4,3,0
450217,1,7,3.75,0
450220,1,5,3.75,0
450222,0,11,3.25,0
450226,1,11,3.75,0
450233,0,37,3.5,0
450236,0,2,3.5,0
451113,0,7,3.5,0
451204,0,0,3.75,0
451305,1,14,3.75,0
451308,0,11,3,0
451323,0,29,3,0
452101,0,8,3,0
452104,NA,10,3,0
452111,1,12,3,0
452209,1,14,3.5,0
452218,1,9,2.25,0
452220,NA,11,2.75,0
452226,0,4,3.25,0
452229,1,13,3.25,0
452231,0,28,2.5,0
453204,0,3,3.25,0
453205,1,14,4,0
453211,0,7,3.25,0
453212,1,21,3,0
453214,1,4,4,0
453216,0,9,2.75,0
453218,1,4,3.75,0
453220,0,5,3.25,0
453224,1,5,3.25,0
453229,1,33,3.25,0
454116,0,31,3.25,0
454201,1,4,3,0
454205,0,17,3.5,0
454218,1,42,3,0
455103,1,9,3.75,0
455111,0,37,2,0
455112,0,8,3,0
455114,NA,37,2.5,0
455115,0,35,3,0
455126,0,6,3,0
455127,1,4,3,0
455129,0,13,2,0
455212,1,39,2.25,0
455303,1,12,2.25,0
455309,1,7,3.5,0
455310,0,13,3,0
455311,1,6,2.75,0
455314,1,31,3.5,0
455326,1,10,2.75,0
455327,1,1,3,0
455328,1,4,2.5,0
455332,0,5,2.75,0
456107,0,22,4,0
456110,NA,20,4,0
456111,1,15,3.25,0
456112,1,6,3,0
456117,0,4,3,0
456118,1,7,3.5,0
456204,1,40,2.25,0
457109,1,4,2,0
457110,1,22,3.5,0
457111,0,1,3,0
457206,NA,2,1.75,0
457211,1,6,3.5,0
457214,0,15,3.5,0
457217,1,2,3.5,0
458107,NA,1,2.25,0
458162,0,16,3.5,0
458204,1,6,3.75,0
458209,1,3,2.5,0
458218,1,7,3,0
458225,1,12,3.25,0
458230,1,7,3.25,0
458231,1,35,3,0
459106,0,6,3.75,0
459107,0,10,2.25,0
459202,0,7,2.75,0
459205,0,6,3.5,0
459206,1,11,3,0
459209,1,9,3,0
459213,0,5,3.75,0
459220,0,29,3.25,0
459222,NA,27,3.25,0
460104,0,14,2.75,0
460201,1,5,3,0
460212,NA,5,3.75,0
460214,1,7,2.75,0
460216,0,18,3.75,0
461108,1,4,2.5,0
461115,1,29,4,0
461161,NA,17,2.5,0
461219,NA,7,4,0
461234,NA,5,3.25,0
101210,1,13,3.5,1
101227,1,37,3.75,1
102204,NA,27,3.5,1
104117,0,16,3.75,1
104124,1,22,3,1
105115,1,11,3.75,1
105226,1,34,3.5,1
106102,1,NA,NA,1
106104,1,2,4,1
106114,1,16,2.75,1
106117,1,28,3,1
106125,1,6,3.75,1
106129,1,3,3.5,1
107102,1,0,4,1
108117,1,39,3.5,1
109125,1,21,3.25,1
109127,0,35,2.5,1
110129,1,11,3,1
110219,1,26,3.5,1
111126,1,17,3.5,1
112206,0,21,2.75,1
112215,1,39,3.75,1
112224,1,NA,NA,1
112232,0,4,3.5,1
113204,1,9,3.75,1
113215,1,10,3.5,1
113229,0,38,3.25,1
114126,0,15,4,1
118106,1,NA,NA,1
120120,1,2,3.75,1
121110,1,9,3.5,1
121231,1,29,3.75,1
122114,0,44,3.75,1
122202,0,22,3.5,1
122209,1,4,3.5,1
122216,1,9,3.75,1
122219,1,21,3.5,1
123124,1,NA,NA,1
123202,0,20,3.75,1
123217,1,NA,NA,1
123221,1,28,3.5,1
124226,1,6,4,1
124229,1,NA,NA,1
125102,1,24,3.5,1
125113,1,34,3,1
125114,1,NA,NA,1
125124,1,25,3.75,1
129112,1,7,3.75,1
129123,1,5,3.75,1
130101,1,3,3.25,1
130121,1,40,3.25,1
136226,0,3,4,1
140104,1,40,3,1
140119,0,7,3.25,1
140212,NA,26,3,1
140216,1,44,3.25,1
140220,1,9,3.5,1
141223,1,21,3.75,1
141225,1,30,3.5,1
142124,1,19,3.5,1
143108,0,46,3.25,1
143115,1,46,3.75,1
143118,0,17,2.75,1
143205,1,19,3.25,1
143229,0,36,3,1
144121,1,22,3.5,1
144218,1,4,3.25,1
145111,1,24,3.75,1
145118,1,31,2.75,1
146116,NA,6,3.75,1
146211,1,NA,NA,1
147218,1,NA,NA,1
148208,1,48,3,1
148212,1,33,3.25,1
151203,1,2,4,1
152220,0,31,3.25,1
154227,1,24,3.5,1
155205,1,10,3.25,1
155219,1,24,3,1
156117,1,16,3.5,1
159217,0,3,3,1
162211,1,13,3.25,1
165124,1,26,3.75,1
167105,0,30,3,1
167220,0,8,3.25,1
169111,1,10,2.75,1
169112,0,12,3.25,1
170212,1,5,2.5,1
172220,NA,9,3.25,1
174107,NA,2,4,1
174122,1,14,3.25,1
176105,1,25,4,1
176125,1,16,3.25,1
176202,0,52,3.75,1
176207,1,28,3.75,1
178117,1,25,3,1
178211,1,52,3.5,1
178223,1,2,3.25,1
179224,1,12,3,1
180118,1,34,3,1
184116,1,6,3.25,1
184212,1,42,3.75,1
184213,0,8,2.25,1
185214,0,5,2.75,1
185227,1,17,3.5,1
186205,1,37,3.75,1
188121,1,25,3.5,1
189210,1,15,3,1
191202,NA,14,3.75,1
192107,0,26,3.75,1
192119,1,36,3.75,1
193101,1,36,4,1
193106,1,29,3.25,1
193109,0,34,3.25,1
193127,0,25,3.75,1
193208,1,9,2.75,1
197110,1,18,3.25,1
199207,1,6,3,1
199228,1,35,4,1
200115,1,56,2.5,1
202112,0,6,3.5,1
206205,1,6,3.75,1
206223,1,24,3.75,1
207106,1,16,3.25,1
207201,1,35,3.25,1
208116,NA,27,2.75,1
208222,0,6,3.5,1
209102,1,32,4,1
212102,0,35,3.75,1
212108,0,27,3,1
213101,1,23,3.5,1
216201,1,6,4,1
217104,1,38,4,1
217124,1,42,3.75,1
217224,1,6,4,1
217308,1,36,3.75,1
218215,1,30,2.5,1
220112,1,14,2.5,1
222120,1,23,3.5,1
223102,1,4,4,1
223111,1,NA,NA,1
223223,0,15,2.75,1
225101,1,21,3.25,1
225121,1,14,2.5,1
225207,1,15,3.5,1
225225,1,11,3.5,1
228220,0,5,3.5,1
231108,1,28,3.5,1
232114,1,33,3.75,1
233219,NA,14,2.5,1
234116,0,28,2.25,1
236225,1,12,3,1
237304,NA,5,4,1
238206,1,NA,NA,1
238222,NA,39,3,1
242106,1,15,3.25,1
243125,1,20,3,1
243211,1,37,3.5,1
245118,1,10,3.75,1
247201,1,37,3.75,1
248210,1,17,3.75,1
249109,1,26,3.25,1
249123,1,39,3.25,1
251204,1,NA,NA,1
253101,1,34,3,1
253212,1,3,3.5,1
255203,1,3,3.25,1
256125,1,39,3.5,1
257109,1,39,3.5,1
258223,1,NA,NA,1
260219,1,21,3.25,1
264115,1,9,4,1
268103,0,42,4,1
268105,1,11,3.5,1
268108,0,18,3.5,1
268228,NA,34,3.25,1
268315,1,23,3.25,1
271261,1,29,3.75,1
272210,1,4,4,1
274201,0,44,3,1
274208,0,28,3.5,1
274215,1,20,3,1
275215,1,5,3.5,1
275226,0,24,3.5,1
276101,1,56,3.75,1
276207,1,36,4,1
276212,1,23,3,1
277107,1,20,3.75,1
277132,1,27,3.5,1
277135,0,5,4,1
277212,1,32,4,1
278117,0,12,2.75,1
278209,1,35,2.75,1
279109,1,10,2.75,1
279208,1,4,3.5,1
281201,1,NA,NA,1
283226,0,35,3.75,1
284102,1,21,3.25,1
285130,1,5,3.25,1
287234,0,28,3.75,1
288121,0,35,4,1
289205,0,56,3.25,1
289228,0,23,3.5,1
291118,1,6,3.5,1
292123,0,22,3.5,1
293224,0,25,3,1
295222,1,9,2.5,1
295230,1,33,3.75,1
295231,0,39,3.25,1
297111,1,48,3.5,1
297120,1,0,4,1
297121,1,1,4,1
298107,1,10,3,1
300102,1,38,3,1
302214,0,31,3.5,1
302220,1,31,3.25,1
302226,1,32,3.25,1
303207,0,14,4,1
303235,1,6,3.5,1
304106,0,9,3,1
307121,1,10,3.5,1
308103,1,36,3.5,1
309113,1,44,3,1
311204,1,32,3.75,1
312204,1,26,3.25,1
314262,0,44,2.75,1
315217,1,48,3.25,1
317222,1,NA,NA,1
318117,1,6,2.75,1
318201,1,56,3.25,1
319218,0,13,3.5,1
320107,1,34,3,1
322114,1,33,2.5,1
322222,NA,46,3.5,1
322261,1,4,4,1
323104,1,21,3.75,1
324209,NA,56,3,1
325225,1,2,2.25,1
329109,1,32,3.25,1
330105,NA,12,2.75,1
332213,0,0,NA,1
333114,1,4,3,1
333118,1,13,2.5,1
334203,NA,8,2.75,1
334213,NA,3,3.75,1
334221,1,7,4,1
335116,1,31,3,1
335203,0,37,3.5,1
335209,0,15,3,1
336120,1,20,3.5,1
337107,1,9,3.25,1
339112,0,27,2.5,1
341102,1,25,3.25,1
341109,0,27,3,1
341128,1,16,3,1
343114,1,33,4,1
345117,1,39,3.5,1
346205,1,21,3.25,1
346207,1,56,4,1
347115,1,20,3.75,1
348103,1,4,2.75,1
348206,1,10,3.5,1
348218,0,NA,NA,1
350122,1,38,3.75,1
350213,1,12,4,1
352115,1,11,3.5,1
353106,1,1,3.5,1
353208,1,5,4,1
353216,1,16,3.5,1
354224,1,34,3.25,1
356206,1,25,3.5,1
356222,1,22,3.25,1
356261,1,26,3.25,1
357217,1,44,3,1
358225,NA,NA,NA,1
359124,1,13,3.5,1
363124,1,38,3.5,1
364108,1,35,3,1
366212,NA,5,3.25,1
366222,1,6,3.25,1
366226,1,3,3.75,1
369214,1,7,3.75,1
371125,1,32,3.75,1
373125,0,42,2.5,1
373261,1,42,3.75,1
377218,1,34,3.5,1
378119,1,8,3.75,1
380107,NA,8,3.25,1
380114,1,48,4,1
380205,1,0,3,1
381303,1,8,2.5,1
382117,1,22,3.25,1
382204,0,5,3,1
382213,1,33,2.5,1
383102,1,28,3.25,1
384208,0,14,2.75,1
385102,1,37,3.75,1
385111,1,23,4,1
385122,0,9,2.75,1
385127,1,37,3.5,1
385128,1,3,2.5,1
385130,1,38,2.75,1
385131,NA,25,3.25,1
385203,NA,6,3.25,1
385221,1,10,3,1
388106,1,40,4,1
388115,1,NA,NA,1
390103,1,48,2.75,1
390104,1,NA,NA,1
390106,1,22,3.25,1
390115,1,28,3.25,1
390121,0,22,2.5,1
390219,NA,26,3,1
391111,1,42,3.25,1
392106,1,10,2.75,1
392115,1,19,3.25,1
392210,1,34,4,1
392213,1,4,2.5,1
392219,1,8,3.75,1
392308,1,17,3,1
393103,1,16,3.25,1
393108,1,7,3,1
393113,0,NA,NA,1
393116,1,28,3.25,1
393218,1,5,3.25,1
393221,0,29,3.75,1
394105,1,32,3.75,1
394116,0,36,3.25,1
394208,1,21,3,1
394221,1,46,2.75,1
395116,0,4,3.75,1
395206,1,23,3.75,1
396104,0,NA,NA,1
396124,1,35,3.75,1
396219,1,33,3.25,1
397205,1,NA,NA,1
399101,1,56,4,1
399106,1,15,3.75,1
399207,1,13,3.25,1
400203,1,5,3.75,1
400211,1,10,3.25,1
401111,1,14,4,1
401115,1,0,4,1
401118,1,NA,NA,1
401203,0,7,4,1
401206,1,4,4,1
401227,1,56,4,1
401229,1,30,3.25,1
402101,0,18,3,1
402112,1,12,3,1
402114,0,10,2.75,1
402122,1,30,3.75,1
402201,1,1,3,1
402210,1,17,3.25,1
402220,1,17,3.75,1
402224,0,3,3.5,1
403204,1,NA,NA,1
403223,1,16,3.75,1
403225,0,26,3.75,1
405103,0,4,3.75,1
406105,1,42,4,1
406106,NA,7,3.75,1
406107,1,4,3.75,1
407210,0,42,3.75,1
408106,0,31,3.75,1
408109,0,27,3,1
408115,1,32,3,1
408122,1,24,3.75,1
409204,0,10,3.75,1
410115,1,34,3.5,1
410129,1,18,3.75,1
410206,NA,3,3.25,1
410208,1,6,2.75,1
410212,1,11,3.25,1
410220,1,6,3.25,1
411103,NA,52,2.5,1
411126,0,16,2,1
411208,0,20,3,1
412105,1,4,4,1
412112,1,37,3.25,1
412118,1,15,3.75,1
412212,0,11,2.75,1
413108,1,3,3.25,1
413112,1,29,3.75,1
413201,1,21,3.5,1
414112,1,3,4,1
414217,1,27,3.25,1
414229,1,3,4,1
415113,1,33,3.5,1
415122,1,35,3,1
415128,1,30,3.75,1
415216,0,21,3,1
416108,1,3,3.75,1
416115,1,22,2.5,1
417210,1,21,3,1
417221,1,4,3,1
418203,1,6,3.5,1
418206,1,6,3.5,1
418213,1,9,4,1
418220,1,23,3.75,1
418313,1,13,4,1
419106,1,42,3,1
419109,0,42,4,1
419231,0,12,2.5,1
420103,0,21,3.25,1
420110,0,25,3.5,1
420202,1,31,3.75,1
420206,1,42,4,1
420208,1,29,3.75,1
420209,1,28,3.25,1
420216,1,6,4,1
421205,1,NA,NA,1
421211,1,6,3,1
422104,1,22,3.5,1
422119,0,30,3.25,1
422204,1,9,4,1
422210,0,34,3,1
423109,NA,8,3.5,1
424225,NA,3,3.25,1
425109,0,10,3,1
425113,1,56,3.5,1
425216,1,15,3,1
425233,1,7,2.5,1
426113,0,22,3.5,1
426114,1,28,3,1
426128,1,3,3.25,1
426130,1,18,2.25,1
426212,0,8,2.5,1
426318,1,6,2.75,1
427108,1,15,3.25,1
427109,0,10,3.5,1
427113,NA,0,3.75,1
427128,0,14,3.75,1
427135,1,14,3.75,1
427139,1,13,3.5,1
427144,1,13,3.5,1
428206,0,39,4,1
428210,1,5,2.75,1
428214,1,20,3.25,1
429201,0,24,3,1
429216,1,12,2,1
431103,1,3,3.75,1
432120,0,56,3.5,1
433226,1,4,3.75,1
434104,1,52,2.5,1
434109,1,3,3.75,1
434116,1,7,2.75,1
434125,0,9,4,1
434134,1,10,3.25,1
434137,1,3,4,1
434140,1,4,3.5,1
434149,1,8,3.5,1
434208,1,24,3.25,1
434221,0,21,3.25,1
435210,1,14,3.5,1
436220,1,2,3,1
437105,0,0,4,1
437106,1,NA,NA,1
437118,0,0,3,1
437161,1,30,3.75,1
438103,0,46,3.5,1
438207,1,23,3.5,1
438210,1,42,3.25,1
438211,1,33,4,1
438217,1,28,3,1
438222,1,9,2.75,1
439101,0,10,3,1
439109,0,34,3.25,1
439114,0,8,2.75,1
439120,1,44,3.75,1
439203,1,28,3.75,1
439206,0,28,3.5,1
439208,1,4,3.5,1
439212,0,5,3.75,1
439216,1,56,3.75,1
440106,1,25,4,1
440117,1,25,3.5,1
440205,1,13,3.5,1
440208,0,37,2.75,1
440230,0,4,3,1
441113,1,26,3,1
441125,1,7,2,1
441130,1,42,3.5,1
441206,NA,3,3.75,1
442218,1,15,3.5,1
442220,NA,10,3.75,1
443205,NA,40,3.75,1
444115,1,7,3.25,1
444223,1,40,3.25,1
445121,0,35,3.75,1
445201,1,26,3.75,1
445202,0,18,3.75,1
446108,1,22,3.75,1
447102,1,22,3,1
448112,NA,19,3.25,1
448118,1,5,3.5,1
448126,1,NA,NA,1
448211,1,30,4,1
449103,0,4,3.25,1
449117,0,46,3.75,1
449130,1,42,2.75,1
450108,0,56,3.25,1
450204,0,3,3.25,1
450224,1,10,4,1
450227,1,2,3.5,1
450234,1,14,3.75,1
451108,1,30,3.75,1
453231,1,21,3.5,1
455128,1,52,2.75,1
455207,1,7,2.75,1
456108,NA,6,3.75,1
456202,1,32,4,1
456203,0,25,3.25,1
458104,0,21,2.5,1
458227,1,27,3.5,1
459109,1,24,3.5,1
459203,1,31,3,1
459214,0,11,3.75,1
459221,0,18,3.25,1